GR,SP,CALX,RHOB,NPSS,ILD,FZI_CALC
46.32,-39.5,212.37,2378.71,0.31,4.24,2.21
46.9,-42.0,212.85,2378.71,0.31,4.61,0.64
55.67,-48.6,210.07,2405.0,0.36,6.26,4.04
56.26,-50.4,206.31,2425.5,0.35,6.59,0.5
56.96,-67.49,204.46,2312.5,0.25,14.71,3.24
48.1,-71.17,204.44,2269.5,0.25,15.69,2.3
30.89,-76.72,204.61,2203.03,0.26,18.76,9.07
49.52,-78.11,204.81,2201.01,0.27,21.14,7.83
49.51,-78.6,205.03,2201.01,0.28,21.93,4.62
44.55,-80.0,205.0,2222.22,0.28,22.55,3.08
40.1,-79.8,205.25,2237.88,0.27,21.33,6.37
43.07,-78.6,205.5,2262.5,0.25,19.02,5.73
43.66,-76.5,205.5,2296.5,0.24,16.07,2.81
42.03,-71.5,205.75,2337.0,0.24,14.47,0.69
52.8,-65.7,206.0,2378.22,0.25,13.39,0.37
55.65,-57.43,206.25,2434.5,0.26,11.84,0.27
46.32,-39.5,212.37,2378.71,0.31,4.24,2.21
46.9,-42.0,212.85,2378.71,0.31,4.61,0.64
55.67,-48.6,210.07,2405.0,0.36,6.26,4.04
56.26,-50.4,206.31,2425.5,0.35,6.59,0.5
56.96,-67.49,204.46,2312.5,0.25,14.71,3.24
48.1,-71.17,204.44,2269.5,0.25,15.69,2.3
30.89,-76.72,204.61,2203.03,0.26,18.76,9.07
49.52,-78.11,204.81,2201.01,0.27,21.14,7.83
49.51,-78.6,205.03,2201.01,0.28,21.93,4.62
44.55,-80.0,205.0,2222.22,0.28,22.55,3.08
40.1,-79.8,205.25,2237.88,0.27,21.33,6.37
43.07,-78.6,205.5,2262.5,0.25,19.02,5.73
43.66,-76.5,205.5,2296.5,0.24,16.07,2.81
42.03,-71.5,205.75,2337.0,0.24,14.47,0.69
52.8,-65.7,206.0,2378.22,0.25,13.39,0.37
55.65,-57.43,206.25,2434.5,0.26,11.84,0.27
59.03,-39.86,227.51,2502.74,0.29,9.35,3.11
54.23,-40.48,224.3,2491.74,0.3,10.51,4.21
56.35,-40.31,224.07,2499.96,0.3,11.33,3.91
62.43,-40.37,224.67,2515.93,0.3,12.23,2.03
66.65,-41.4,224.26,2547.6,0.29,13.14,12.53
67.29,-43.36,223.72,2549.93,0.28,14.41,3.42
62.12,-52.23,222.31,2492.14,0.27,18.77,6.64
54.43,-63.21,220.09,2443.54,0.26,22.27,3.5
48.62,-68.83,218.6,2418.17,0.25,24.04,1.8
44.15,-73.32,217.1,2408.71,0.26,26.4,5.82
53.99,-69.44,217.69,2417.54,0.29,25.35,7.04
53.88,-66.92,213.93,2426.63,0.29,23.09,6.26
53.47,-65.18,212.4,2451.71,0.26,21.77,2.56
55.2,-62.33,216.37,2466.28,0.26,19.7,3.0
62.97,-64.91,218.24,2444.15,0.26,17.57,1.96
58.47,-69.27,219.08,2418.66,0.26,16.84,1.06
54.96,-70.33,218.99,2410.06,0.26,16.75,2.07
56.16,-67.48,218.02,2405.41,0.26,17.09,2.84
53.6,-63.54,217.7,2401.92,0.27,17.36,3.84
51.48,-58.02,217.43,2415.89,0.28,17.03,8.15
54.53,-54.59,219.03,2421.25,0.28,16.09,2.72
62.83,-52.41,220.75,2407.47,0.28,15.11,3.24
68.12,-52.57,219.94,2398.44,0.27,14.55,2.25
74.63,-55.62,217.64,2393.7,0.29,13.77,2.09
94.07,-52.65,218.22,2396.54,0.29,13.55,1.58
98.77,-50.93,218.37,2406.97,0.28,13.27,2.33
81.86,-47.16,219.41,2399.26,0.28,12.94,1.7
75.98,-45.55,219.9,2380.21,0.31,12.46,2.01
76.75,-47.71,217.96,2378.95,0.3,12.07,3.28
77.7,-48.63,216.68,2385.11,0.29,11.79,1.55
77.67,-45.12,218.54,2397.26,0.3,11.16,1.03
76.83,-43.08,218.29,2389.96,0.3,10.46,1.75
78.54,-41.98,218.58,2385.51,0.29,9.98,2.4
83.92,-41.76,219.06,2391.55,0.31,9.84,2.14
81.89,-43.13,219.3,2398.21,0.28,10.07,1.76
72.61,-48.38,218.58,2395.19,0.29,10.6,3.36
72.83,-48.03,217.24,2390.61,0.28,10.65,4.49
79.24,-45.99,216.18,2384.99,0.28,10.32,0.96
83.4,-44.34,215.88,2385.81,0.28,10.02,2.72
81.41,-44.66,215.85,2394.65,0.31,9.78,1.71
81.84,-44.95,217.03,2405.28,0.28,9.76,1.58
82.43,-45.82,217.28,2405.67,0.28,9.8,1.48
78.92,-45.39,217.4,2409.14,0.29,9.64,1.16
81.03,-43.27,217.91,2402.54,0.29,9.32,3.85
84.24,-41.26,218.2,2403.78,0.3,8.84,2.42
85.22,-41.0,218.32,2411.05,0.3,8.72,0.35
85.72,-42.16,218.02,2418.69,0.3,8.75,0.37
82.53,-44.19,217.31,2414.12,0.3,8.84,0.51
78.63,-44.68,217.93,2410.73,0.29,8.95,0.71
51.09,-52.28,195.65,2586.5,0.27,9.26,0.49
49.31,-61.2,195.65,2528.47,0.25,15.51,0.49
48.69,-65.19,195.65,2500.37,0.24,15.51,0.51
53.59,-68.76,195.55,2471.12,0.24,15.51,0.43
58.06,-70.34,195.45,2455.02,0.25,15.44,0.54
74.31,-73.92,195.45,2454.01,0.26,15.23,0.51
90.0,-76.9,195.45,2468.51,0.28,15.09,0.6
93.27,-82.28,195.45,2449.0,0.29,14.81,0.6
84.6,-86.14,195.45,2421.5,0.28,14.74,0.77
72.46,-88.52,195.45,2396.01,0.27,14.6,0.85
67.22,-89.7,195.45,2385.02,0.27,14.59,0.73
63.3,-90.9,195.45,2367.5,0.31,14.58,0.78
50.05,-90.9,195.65,2315.35,0.32,14.64,0.43
67.65,-74.0,195.45,2446.15,0.28,16.42,0.76
67.95,-77.1,195.45,2450.02,0.29,17.35,0.62
52.87,-85.35,195.45,2309.0,0.32,20.66,2.78
37.18,-87.22,195.45,2238.46,0.32,22.13,1.73
38.66,-84.23,195.45,2254.0,0.32,20.28,2.37
58.35,-72.48,195.45,2348.04,0.28,17.43,0.29
78.45,-60.8,195.45,2531.0,0.26,15.61,0.35
89.7,-52.97,195.45,2542.0,0.3,13.98,0.16
76.65,-56.24,195.45,2478.42,0.3,14.46,3.46
68.55,-63.3,195.25,2449.82,0.29,14.87,0.7
59.41,-70.1,195.45,2422.22,0.28,15.49,3.03
58.81,-76.73,195.45,2405.58,0.28,16.45,2.23
44.4,-78.91,195.25,2307.96,0.3,16.76,0.29
44.1,-81.0,195.25,2293.5,0.31,16.69,0.81
48.12,-84.0,195.25,2314.87,0.31,16.71,1.33
51.39,-86.8,195.65,2325.51,0.29,18.25,1.7
51.68,-86.2,195.45,2284.94,0.3,19.55,1.46
56.14,-78.91,195.85,2328.51,0.28,16.07,0.93
86.55,-64.8,195.85,2442.27,0.3,12.97,0.92
108.45,-61.3,198.23,2462.09,0.32,10.42,0.6
56.99,-64.5,200.46499999999997,2269.63,0.31,14.27,0.77
52.4,-64.95,200.46499999999997,2268.14,0.31,14.8,3.73
49.15,-64.95,200.46499999999997,2289.65,0.3,15.35,2.59
44.57,-63.75,200.46499999999997,2324.92,0.29,15.85,1.88
43.25,-63.0,200.46499999999997,2346.22,0.28,15.85,1.12
45.08,-60.75,200.46499999999997,2414.56,0.28,15.64,1.54
45.57,-60.9,200.46499999999997,2418.53,0.29,15.35,0.81
45.83,-61.2,200.46499999999997,2427.45,0.3,15.21,0.86
46.1,-61.8,200.46499999999997,2384.24,0.31,15.14,3.7
46.85,-62.55,200.46499999999997,2354.75,0.31,15.21,3.12
52.02,-63.3,200.46499999999997,2432.46,0.29,15.42,1.54
54.05,-64.35,200.46499999999997,2430.99,0.3,15.49,1.89
54.31,-66.0,200.46499999999997,2402.78,0.3,15.49,2.35
54.57,-67.35,200.46499999999997,2374.32,0.3,15.49,1.95
52.48,-68.55,200.46499999999997,2353.83,0.29,15.49,1.38
50.39,-68.85,200.46499999999997,2353.84,0.29,15.35,2.2
48.76,-68.85,200.46499999999997,2363.35,0.3,15.21,0.46
46.22,-65.25,200.46499999999997,2413.24,0.3,14.8,0.28
55.21,-56.96,200.46499999999997,2421.22,0.33,14.02,0.1
57.89,-55.73,200.46499999999997,2400.44,0.33,13.84,3.11
59.18,-55.72,200.46499999999997,2387.96,0.33,13.84,0.15
33.18,-7.29,204.88,2284.67,0.28,23.11,3.21
33.01,-7.31,203.13,2280.23,0.27,23.15,2.09
33.03,-7.11,202.88,2284.08,0.27,22.65,1.46
35.49,-8.38,205.13,2310.34,0.27,21.39,4.53
35.23,-11.53,199.63,2332.41,0.26,19.78,4.17
31.8,-12.17,199.33,2329.02,0.27,19.46,3.12
28.72,-11.44,199.43,2315.66,0.28,18.96,5.6
33.44,-9.47,198.51,2290.38,0.28,20.09,4.64
35.79,-11.81,196.68,2261.77,0.28,20.87,3.49
31.89,-12.18,196.58,2284.88,0.29,21.08,8.78
38.0,-13.97,196.48,2302.45,0.27,20.33,1.61
38.01,-11.79,198.58,2303.2,0.27,19.28,2.35
36.91,-12.32,199.33,2312.43,0.27,18.6,1.69
35.78,-12.11,198.35,2313.42,0.27,18.22,1.45
62.58,-9.76,199.68,2358.09,0.27,14.8,0.66
69.16,-7.21,199.23,2409.75,0.29,13.86,1.28
90.58,11.52,202.35,2415.28,0.3,12.06,0.88
105.95,16.32,203.06,2405.57,0.3,12.14,1.12
108.3,20.63,203.29,2398.81,0.31,12.3,1.17
98.61,22.43,202.55,2397.54,0.32,12.17,1.14
46.61,47.68,197.93,2390.4,0.23,4.17,1.3
47.78,34.09,197.58,2428.86,0.21,6.66,1.07
45.95,23.92,196.35,2449.38,0.21,10.69,1.3
46.26,15.16,196.02,2461.07,0.2,17.6,1.22
43.55,13.58,195.6,2442.31,0.19,18.94,0.53
37.74,12.79,196.16,2418.23,0.2,18.58,0.66
33.86,10.99,194.99,2401.33,0.22,17.69,0.58
38.92,11.37,196.09,2349.11,0.21,17.5,4.14
41.27,11.28,196.63,2345.54,0.21,17.24,1.0
47.36,13.7,197.58,2422.98,0.25,15.76,0.55
47.39,18.16,197.37,2471.97,0.26,14.53,0.26
44.9,19.91,197.98,2481.61,0.25,13.58,0.41
44.73,19.31,196.9,2474.58,0.25,13.33,0.75
43.66,19.19,197.03,2458.46,0.23,14.54,0.54
38.44,14.6,196.23,2418.5,0.21,17.26,0.85
33.22,12.5,196.49,2401.0,0.21,18.66,0.21
28.33,10.58,196.55,2374.46,0.19,21.01,1.64
21.17,8.79,196.5,2339.68,0.18,26.43,5.2
21.29,7.63,197.04,2311.37,0.19,36.01,5.12
25.27,6.27,197.31,2305.23,0.22,53.35,4.96
29.99,5.35,196.9,2271.03,0.24,68.59,0.56
37.47,4.91,196.21,2208.26,0.24,69.21,3.26
51.44,3.77,200.17,2282.4,0.21,63.04,2.94
50.19,2.57,199.98,2337.32,0.21,57.47,0.54
44.97,1.73,199.63,2319.93,0.23,29.2,1.49
72.5,-1.66,200.57,2296.4,0.24,21.48,1.77
63.19,-11.19,200.37,2327.72,0.23,19.69,0.13
50.93,-16.08,200.3,2380.57,0.21,19.02,0.56
44.79,-12.28,200.24,2410.38,0.22,19.66,3.79
30.72,0.77,198.95,2293.07,0.25,33.97,2.4
27.95,4.91,198.2,2262.53,0.26,50.93,1.89
24.03,8.72,198.75,2250.85,0.23,58.25,1.73
24.22,11.48,197.84,2241.79,0.25,57.94,2.86
47.99,23.22,197.93,2293.38,0.25,30.93,4.84
44.82,27.28,199.21,2367.6,0.23,22.98,2.7
49.52,24.68,199.21,2417.95,0.24,18.6,3.12
57.2,29.03,199.28,2404.2,0.28,15.07,1.5
44.82,33.93,199.98,2398.59,0.28,14.78,2.6
37.62,31.39,199.83,2382.71,0.29,14.22,3.92
45.81,35.54,199.7,2379.16,0.26,14.53,2.27
58.85,37.94,199.98,2411.51,0.26,14.73,5.42
85.21,39.55,199.28,2420.27,0.28,13.99,2.13
107.48,45.64,199.63,2423.39,0.28,13.17,1.02
55.73,40.89,200.24,2386.76,0.3,11.73,1.27
44.83,42.38,199.98,2362.89,0.29,12.29,2.89
35.66,37.55,199.76,2319.4,0.27,14.74,2.76
49.99,-16.49,193.88,2414.0,0.3,5.39,0.62
44.66,-17.02,193.88,2460.0,0.23,6.38,0.54
35.39,-22.02,193.88,2514.0,0.18,8.13,0.66
25.49,-32.04,192.25,2450.0,0.21,8.44,0.53
25.84,-48.29,189.25,2356.0,0.27,7.93,0.89
30.13,-55.29,189.25,2328.0,0.3,7.89,1.83
33.93,-59.04,189.25,2322.0,0.29,7.98,0.4
35.62,-58.41,189.25,2307.9,0.28,9.97,0.81
35.95,-54.91,189.25,2304.0,0.28,11.22,2.92
35.23,-53.66,189.25,2282.0,0.27,13.01,1.49
33.35,-53.04,189.25,2266.0,0.27,14.7,3.33
32.59,-53.54,189.25,2238.0,0.28,17.16,4.6
32.78,-53.62,189.25,2238.0,0.29,17.05,1.08
36.84,-53.74,189.25,2236.0,0.3,16.95,0.66
50.46,-53.35,189.25,2245.0,0.3,16.5,2.86
53.65,-52.91,189.25,2256.0,0.3,16.02,1.92
66.24,-51.04,189.25,2282.0,0.3,15.5,1.82
127.19,-49.04,189.25,2233.95,0.31,14.84,0.43
165.87,-46.67,189.25,2187.9,0.34,14.12,1.2
175.62,-44.92,189.25,2201.95,0.34,13.43,0.9
84.31,-30.79,189.25,2316.0,0.3,10.85,2.22
60.54,-25.79,191.25,2358.0,0.26,9.49,0.45
57.38,-20.54,192.5,2372.0,0.28,8.78,4.05
83.55,-16.42,191.63,2371.95,0.34,7.0,0.77
101.21,-14.55,192.38,2353.9,0.39,6.3,3.18
51.35,68.92,202.47,2308.41,0.34,2.22,5.04
53.81,64.08,203.43,2336.48,0.24,3.07,1.84
52.71,59.36,203.73,2367.44,0.22,5.08,1.87
55.5,52.95,205.5,2364.58,0.23,10.28,1.9
48.32,41.89,205.8,2341.86,0.23,12.66,8.19
48.78,35.6,205.32,2318.48,0.24,13.48,3.86
52.28,32.92,204.84,2306.4,0.26,14.34,3.81
53.18,29.85,203.13,2305.98,0.27,15.49,3.93
50.1,29.22,199.85,2323.05,0.27,15.56,2.44
50.3,30.66,199.85,2327.99,0.28,15.19,2.83
48.63,31.12,199.02,2318.58,0.29,14.81,3.04
45.65,31.38,196.94,2318.07,0.28,15.22,3.37
40.43,31.29,193.45,2330.83,0.28,14.92,2.32
43.91,28.56,194.2,2313.51,0.27,14.8,2.34
41.81,28.67,192.07,2314.32,0.28,14.93,1.03
49.91,29.15,190.71,2319.45,0.26,14.47,2.53
51.77,26.65,187.98,2299.38,0.27,14.28,2.11
51.7,24.04,185.48,2251.03,0.28,14.06,1.48
48.87,22.13,187.85,2198.22,0.29,13.78,1.95
48.6,20.04,192.85,2233.4,0.28,13.53,1.4
47.91,17.69,196.24,2301.83,0.27,13.57,1.5
49.79,19.57,198.56,2288.42,0.26,13.88,3.9
46.98,24.26,200.45,2346.54,0.27,13.84,2.5
61.04,30.65,203.31,2381.56,0.27,13.79,9.45
87.22,40.26,202.83,2343.3,0.27,13.74,2.25
80.51,42.4,202.53,2325.68,0.31,13.19,3.26
52.53,71.58,201.73,2395.2,0.26,13.35,0.32
53.09,75.15,201.48,2359.9,0.27,13.69,0.92
50.52,77.23,201.48,2325.15,0.28,13.82,2.88
46.91,78.91,201.48,2304.45,0.28,13.88,1.46
44.15,80.2,201.48,2289.25,0.27,14.22,1.02
44.12,81.1,201.48,2284.25,0.27,15.19,1.52
40.52,82.4,201.48,2271.3,0.28,16.9,1.57
38.4,82.6,201.48,2249.15,0.29,16.39,4.1
34.64,82.7,201.48,2210.9,0.29,15.12,5.02
33.15,82.4,201.48,2196.6,0.29,13.89,1.98
34.79,82.0,201.48,2203.6,0.28,13.24,5.71
44.92,80.9,201.48,2236.1,0.27,12.8,2.05
59.07,78.61,201.63,2306.4,0.28,12.23,0.48
83.51,73.47,204.98,2369.3,0.31,10.29,6.57
119.0,69.2,205.45,2388.0,0.32,7.1,1.29
132.11,67.4,203.88,2386.8,0.3,6.81,1.31
111.47,66.2,205.28,2374.85,0.3,6.84,3.85
98.61,65.8,205.29,2374.25,0.33,6.63,1.97
91.56,65.6,204.74,2384.15,0.32,6.58,9.63
89.27,65.2,206.43,2373.4,0.31,6.34,0.88
92.15,65.3,204.98,2372.7,0.31,5.96,2.25
94.4,65.1,204.4,2372.3,0.31,5.65,1.08
93.66,64.8,205.4,2386.4,0.3,5.66,4.52
94.87,64.0,204.53,2368.4,0.35,5.89,1.71
68.69,63.9,203.89,2959.8,0.35,5.26,0.27
58.1,-58.49,215.63,2299.99,0.26,17.79,1.47
62.75,-57.83,215.63,2299.99,0.26,17.89,1.39
67.4,-57.0,215.63,2302.57,0.26,17.74,1.63
69.5,-55.93,215.63,2307.39,0.26,17.58,1.02
71.6,-54.83,215.63,2318.55,0.27,17.43,1.71
73.49,-53.68,215.63,2332.4,0.27,17.28,1.76
75.39,-52.42,215.89,2348.8,0.27,17.22,1.91
56.9,-52.59,215.76,2398.41,0.28,17.57,1.57
53.99,-57.78,215.38,2374.57,0.27,18.23,0.76
53.99,-59.48,215.38,2364.68,0.27,18.49,0.7
53.99,-60.09,215.5,2357.47,0.28,18.74,0.58
55.39,-60.41,215.63,2350.77,0.28,18.98,0.91
56.79,-60.42,215.63,2344.74,0.28,19.23,0.87
62.69,-60.38,215.63,2339.0,0.29,19.79,1.26
62.94,-60.16,215.63,2339.58,0.29,20.11,1.59
63.2,-59.53,215.89,2342.21,0.29,20.16,1.9
63.09,-57.51,216.65,2349.03,0.29,20.06,1.0
63.59,-55.44,217.28,2364.7,0.29,19.79,1.24
64.29,-54.66,217.4,2376.59,0.29,19.67,0.99
60.4,-45.13,218.43,2391.62,0.28,16.9,2.29
60.65,-47.9,217.68,2368.83,0.3,16.74,1.62
57.69,-51.13,219.2,2356.74,0.29,15.47,1.27
59.39,-51.21,218.44,2369.2,0.28,15.16,1.79
63.04,-51.07,217.68,2385.32,0.28,14.85,1.09
66.69,-50.63,217.54,2402.14,0.28,14.58,0.75
80.6,-48.69,217.4,2421.97,0.3,13.6,0.84
84.89,-45.4,217.28,2428.95,0.32,12.57,1.75
21.28,-105.64,193.25,2264.47,0.2,28.94,0.72
21.02,-107.43,191.75,2261.55,0.22,24.94,0.13
21.83,-107.92,191.5,2258.25,0.23,23.73,1.16
23.97,-108.42,191.5,2260.3,0.24,21.59,2.91
25.29,-108.32,191.75,2265.65,0.25,20.83,3.06
27.35,-107.03,192.0,2279.71,0.26,19.54,0.79
28.07,-105.45,192.75,2300.65,0.26,19.01,2.71
29.59,-100.1,193.75,2342.95,0.25,18.4,2.36
31.62,-93.21,194.25,2364.36,0.25,17.65,0.34
34.39,-88.32,194.25,2360.32,0.25,17.57,0.18
37.91,-82.98,194.5,2357.01,0.26,18.23,0.36
41.42,-79.01,196.5,2392.08,0.27,18.58,0.59
44.39,-78.31,198.75,2449.69,0.3,20.09,4.26
46.4,-81.6,199.5,2479.75,0.31,22.28,0.24
42.46,-94.26,193.0,2449.74,0.34,32.8,4.59
29.82,-101.19,190.5,2311.93,0.3,57.07,2.38
30.39,-102.97,191.25,2297.57,0.31,57.33,1.61
30.42,-104.36,192.0,2280.3,0.33,57.82,1.87
29.78,-105.35,192.5,2261.75,0.32,58.56,1.72
29.46,-106.14,192.5,2245.55,0.32,58.0,3.17
29.18,-106.83,192.5,2256.53,0.33,57.18,1.81
27.45,-107.23,192.5,2260.08,0.33,54.66,1.06
19.8,-107.23,192.75,2200.18,0.33,49.07,2.85
18.23,-107.03,192.75,2194.21,0.33,45.4,3.23
16.65,-107.03,192.25,2198.28,0.32,42.22,3.08
17.6,-107.33,192.5,2226.52,0.31,39.28,2.67
17.27,-106.84,192.5,2249.9,0.3,36.33,0.94
17.1,-105.85,192.5,2254.21,0.3,35.17,2.58
19.02,-103.28,193.75,2261.87,0.3,33.57,2.75
21.21,-100.5,194.5,2264.27,0.3,32.21,0.19
26.06,-93.76,195.0,2265.67,0.29,28.34,3.01
30.87,-87.03,195.0,2263.71,0.28,24.29,3.5
34.64,-82.38,195.0,2272.31,0.26,20.09,3.98
36.27,-80.5,195.49,2281.88,0.26,18.66,3.97
41.13,-72.9,198.24,2470.7,0.26,14.88,0.42
50.25,-69.8,198.49,2494.53,0.3,12.26,0.95
53.08,-67.72,197.73,2486.96,0.31,11.02,1.88
53.93,-66.04,197.48,2480.66,0.31,10.82,3.52
53.76,-59.11,199.5,2470.38,0.31,9.95,0.5
61.31,-58.61,200.0,2449.93,0.33,9.51,2.46
85.65,-55.15,199.75,2426.52,0.34,9.51,0.38
57.12,-57.13,201.0,2435.58,0.36,8.5,0.55
62.24,-55.64,201.75,2433.63,0.38,7.96,0.72
59.88,-54.46,205.25,2409.81,0.34,7.36,1.34
68.94,-51.78,211.27,2441.66,0.38,5.78,0.44
36.2,15.71,212.72,2404.23,0.26,4.56,1.64
35.24,13.2,210.02,2408.78,0.26,4.84,0.65
38.21,6.53,205.44,2388.33,0.27,5.65,1.07
45.95,-3.84,203.8,2348.36,0.3,6.0,1.07
46.43,-8.45,204.1,2330.47,0.3,6.23,0.98
47.15,-13.02,204.43,2316.94,0.29,6.66,1.19
49.68,-20.04,204.43,2347.25,0.29,7.39,0.91
54.1,-14.33,203.98,2375.1,0.29,7.77,0.35
59.86,-16.69,202.57,2382.97,0.26,8.3,0.81
62.18,-24.62,200.82,2382.25,0.25,8.96,0.71
62.16,-27.13,199.87,2358.49,0.27,9.47,1.36
60.51,-25.96,200.19,2358.9,0.28,9.83,1.77
58.58,-17.46,202.62,2368.09,0.29,10.19,2.12
56.81,-8.73,205.39,2353.41,0.3,10.83,0.77
52.94,-2.91,205.8,2327.26,0.29,11.67,2.28
36.12,-14.97,196.88,2252.93,0.27,16.16,1.53
35.66,-14.12,197.15,2254.82,0.27,14.64,3.32
35.7,-12.58,197.37,2256.77,0.27,13.61,1.97
59.85,-39.3,194.75,2366.44,0.33,3.48,0.73
59.1,-40.4,194.75,2375.44,0.33,3.85,0.59
64.16,-42.63,202.97,2348.77,0.35,4.47,0.42
58.35,-47.37,199.66,2405.09,0.35,5.38,0.6
52.8,-48.08,199.59,2394.16,0.33,5.97,0.8
62.95,-52.28,202.75,2401.42,0.35,7.54,0.38
62.33,-59.01,201.75,2408.29,0.35,8.35,0.23
62.59,-64.75,203.5,2401.61,0.34,10.05,0.24
67.35,-73.3,198.52,2338.61,0.32,13.29,0.22
55.1,-88.32,196.04,2304.29,0.3,15.4,0.9
54.94,-73.8,197.28,2348.81,0.31,15.91,0.36
51.64,-77.0,197.53,2364.83,0.28,15.93,2.19
48.47,-77.4,197.53,2351.73,0.25,16.31,0.41
35.12,-79.2,198.25,2216.98,0.3,20.09,0.82
101.06,-52.6,197.75,2350.56,0.33,9.13,1.13
101.82,-53.4,197.25,2349.36,0.34,8.18,0.98
91.67,-55.3,194.75,2352.11,0.34,8.04,0.69
94.6,-56.92,194.37,2338.29,0.34,7.85,2.12
90.61,-57.53,194.8,2349.54,0.33,7.96,0.96
32.85,-65.1,194.13,2394.67,0.2,18.4,4.56
29.55,-67.1,194.88,2301.58,0.17,20.83,4.84
44.69,-64.9,195.0,2429.0,0.25,15.05,2.64
40.3,-59.9,196.38,2378.66,0.29,13.44,0.94
40.91,-62.7,192.5,2321.44,0.28,14.27,2.09
41.67,-65.1,194.5,2332.87,0.29,15.73,2.49
45.15,-66.2,193.23,2328.86,0.29,16.94,2.47
44.55,-66.8,194.38,2310.44,0.3,17.98,2.11
45.15,-68.7,194.43,2278.0,0.31,19.36,2.69
48.9,-70.5,194.55,2299.5,0.31,20.66,2.03
50.1,-72.48,194.6,2320.35,0.28,19.54,1.93
45.75,-73.37,194.5,2280.0,0.3,17.48,1.7
46.95,-73.78,195.25,2307.93,0.29,16.14,1.57
50.1,-72.7,195.13,2279.5,0.29,15.19,1.89
61.78,-63.35,201.13,2286.16,0.24,22.47,1.4
59.25,-65.65,201.12,2274.28,0.24,23.25,1.98
55.8,-68.32,201.09,2263.72,0.24,24.32,3.03
46.8,-73.29,201.03,2250.68,0.24,27.03,2.42
43.07,-74.21,201.03,2251.14,0.24,27.87,2.2
38.47,-75.33,200.99,2256.4,0.24,29.34,1.49
36.98,-76.42,200.85,2257.56,0.23,30.0,2.15
38.47,-77.5,200.77,2254.32,0.23,29.42,1.33
39.8,-78.79,200.71,2264.0,0.23,28.33,1.67
38.91,-78.56,200.63,2277.32,0.23,27.25,0.27
37.87,-76.75,200.48,2295.2,0.23,24.54,0.26
38.91,-76.05,200.44,2301.52,0.23,23.53,1.76
40.11,-75.32,200.37,2309.4,0.23,22.61,3.79
43.25,-73.3,200.23,2330.36,0.23,20.87,1.15
46.41,-70.02,200.13,2350.52,0.23,19.4,1.39
51.66,-68.46,200.16,2343.16,0.23,19.01,2.08
58.36,-68.7,200.25,2311.5,0.24,19.01,3.51
61.04,-69.42,200.29,2303.9,0.24,19.1,2.94
61.19,-70.21,200.32,2298.1,0.24,19.19,1.64
55.84,-71.86,200.33,2288.02,0.24,19.51,1.52
51.83,-72.99,200.33,2278.5,0.24,19.95,1.31
47.23,-73.35,200.31,2272.9,0.24,20.24,2.17
36.45,-72.96,200.16,2277.0,0.22,20.72,2.21
38.1,-70.02,200.2,2307.96,0.22,20.34,2.76
42.0,-66.74,200.27,2320.38,0.22,20.17,1.88
48.27,-63.91,200.38,2301.6,0.23,19.53,0.79
49.9,-67.28,200.32,2292.78,0.23,18.99,0.8
60.89,-60.8,200.54,2377.94,0.22,15.05,0.64
68.02,-57.72,200.66,2381.06,0.22,13.77,1.66
70.4,-56.24,200.77,2378.28,0.22,13.48,1.17
89.41,-55.63,200.79,2360.38,0.22,13.0,1.13
85.4,-54.97,200.85,2357.0,0.23,12.18,1.31
77.38,-49.54,200.81,2378.76,0.24,10.72,1.13
82.13,-47.68,200.78,2391.5,0.25,9.71,1.68
82.72,-46.7,200.77,2398.94,0.24,9.45,0.76
80.79,-48.08,201.11,2375.04,0.24,8.69,0.64
78.27,-49.47,201.15,2360.72,0.23,8.38,0.57
84.21,-45.77,201.22,2344.36,0.24,8.0,0.72
93.75,-45.62,201.3,2346.26,0.25,7.71,0.62
88.96,-45.22,201.25,2347.2,0.26,8.02,0.65
88.96,-44.25,201.23,2362.78,0.25,8.12,0.57
85.4,-43.63,201.29,2392.82,0.25,8.18,0.54
94.5,-43.19,202.49,2331.98,0.25,7.23,4.32
91.8,-44.48,202.6,2330.54,0.25,7.64,6.4
83.17,-52.14,202.84,2323.86,0.25,9.82,1.17
72.18,-55.38,202.92,2327.28,0.25,10.7,3.44
66.68,-56.37,203.04,2332.4,0.25,11.02,4.73
59.85,-55.61,203.44,2348.56,0.24,11.13,4.77
61.04,-52.18,203.75,2358.42,0.24,10.52,5.91
84.36,-42.15,203.75,2368.0,0.26,6.16,0.61
90.6,-39.32,203.7,2425.8,0.29,2.57,9.98
74.1,-10.2,187.62,2510.4,0.31,12.07,0.17
73.95,-12.6,189.11,2559.41,0.32,14.08,0.49
76.5,-16.8,189.6,2520.79,0.36,14.01,0.52
66.0,-21.39,188.12,2476.14,0.37,13.76,0.43
54.0,-23.86,186.88,2489.05,0.3,15.73,1.72
79.05,-18.2,186.44,2468.03,0.31,12.71,0.63
79.65,-16.4,187.21,2473.52,0.31,12.08,0.69
82.65,-18.8,186.75,2469.5,0.33,11.96,1.41
81.45,-23.07,186.5,2433.66,0.35,12.75,0.47
73.2,-25.15,186.5,2406.44,0.32,13.7,0.16
75.9,-23.37,186.75,2409.9,0.32,13.57,1.52
96.9,-18.6,184.75,2391.06,0.33,12.14,0.3
171.09,-10.7,185.75,2390.06,0.34,10.52,1.5
42.14,37.15,205.43,2376.42,0.23,27.11,1.9
38.81,37.12,205.62,2345.66,0.23,30.97,1.31
39.85,35.6,205.56,2303.0,0.24,26.98,3.44
48.9,33.3,205.81,2314.0,0.24,24.38,4.44
55.5,18.1,205.56,2355.56,0.25,21.63,0.27
46.65,17.4,205.3,2391.39,0.21,23.28,0.14
49.2,15.9,205.04,2429.37,0.18,24.92,2.82
59.85,8.1,204.5,2500.52,0.13,17.13,0.19
60.3,13.0,204.5,2461.62,0.19,15.42,1.03
64.8,21.52,204.25,2436.0,0.25,13.64,0.09
58.05,20.91,204.25,2453.54,0.24,13.03,1.51
45.9,21.52,204.25,2473.23,0.21,14.6,1.04
40.88,28.66,204.2,2478.21,0.2,20.63,1.49
40.26,31.95,204.16,2451.01,0.2,26.19,0.71
39.32,31.63,204.09,2432.0,0.18,35.8,2.12
31.19,32.7,204.04,2405.97,0.19,46.7,0.89
32.36,34.0,204.31,2317.0,0.24,60.75,2.46
30.5,35.0,204.32,2249.5,0.25,56.61,6.19
31.51,34.6,204.59,2203.54,0.27,41.9,2.16
42.98,36.56,204.85,2299.5,0.25,31.55,0.92
56.6,39.34,205.1,2420.0,0.25,25.18,1.52
52.21,40.21,205.36,2387.0,0.26,20.0,7.9
45.0,40.81,205.39,2351.93,0.28,17.13,3.39
48.9,42.51,205.7,2371.87,0.28,15.56,1.53
56.4,41.8,205.26,2411.0,0.28,15.01,1.34
60.3,40.5,205.05,2420.5,0.27,14.74,2.3
59.25,40.8,206.06,2395.96,0.28,14.8,0.91
55.77,40.2,205.81,2373.74,0.3,15.07,1.86
55.91,43.6,204.8,2359.09,0.28,15.42,1.72
57.09,47.69,205.35,2367.63,0.27,15.69,2.19
60.07,48.59,205.41,2403.24,0.25,15.96,0.97
60.02,48.29,205.72,2402.09,0.28,16.08,1.54
60.3,48.49,205.75,2394.0,0.26,15.92,0.98
63.18,48.79,206.02,2383.96,0.26,15.64,0.92
66.82,48.99,206.04,2361.24,0.28,15.14,1.71
76.78,50.0,206.05,2371.25,0.28,15.14,3.14
95.61,50.67,206.06,2359.09,0.26,15.01,0.78
60.14,-37.45,249.94,1958.7,0.4,5.48,0.52
51.44,-41.9,296.55,2220.1,0.32,6.57,0.41
50.96,-48.19,227.99,2344.45,0.26,7.91,0.6
47.33,-57.98,201.5,2571.5,0.2,12.07,0.55
47.98,-59.97,200.58,2636.7,0.2,14.26,0.49
48.63,-65.46,200.48,2558.7,0.22,16.51,0.82
51.75,-73.79,201.7,2414.6,0.25,18.43,0.55
49.82,-74.73,202.7,2390.4,0.25,19.15,1.13
44.87,-73.61,203.53,2334.7,0.27,18.77,7.08
47.09,-67.71,203.23,2307.9,0.26,16.98,2.24
93.59,-49.44,200.45,2499.4,0.27,14.28,0.34
101.66,-42.28,203.73,2414.8,0.34,11.97,0.6
100.2,-47.58,204.45,2398.9,0.32,12.22,0.72
127.0,-45.3,201.9,2415.9,0.33,7.9,0.52
137.63,-34.74,224.63,2344.8,0.34,4.51,2.55
54.45,-6.95,234.5,2166.21,0.53,1.39,1.28
54.05,-12.42,228.0,2475.12,0.37,2.99,1.22
55.5,-15.5,228.13,2504.71,0.28,4.11,1.44
68.75,-21.46,230.13,2485.37,0.26,10.87,0.88
60.39,-23.46,229.75,2466.94,0.29,14.52,1.63
57.71,-25.21,229.75,2459.2,0.3,15.26,2.55
63.04,-26.6,228.94,2461.83,0.29,15.07,1.54
67.52,-28.61,228.56,2473.24,0.3,15.27,1.19
67.13,-32.25,226.25,2457.83,0.29,15.37,2.15
64.62,-37.75,229.0,2422.21,0.3,16.17,1.67
66.71,-39.5,227.88,2410.39,0.3,17.84,2.28
71.31,-39.0,227.88,2402.38,0.3,18.43,3.6
62.93,-38.0,228.5,2378.55,0.3,19.07,4.08
54.2,-37.85,228.56,2370.68,0.3,19.9,2.3
52.91,-38.74,227.63,2363.01,0.29,20.1,2.22
54.87,-40.0,226.5,2350.77,0.29,20.54,1.98
55.26,-41.9,226.25,2351.91,0.31,20.26,2.32
55.19,-42.79,226.25,2353.19,0.32,20.13,4.8
52.48,-44.29,226.94,2350.95,0.3,20.1,1.81
46.5,-46.07,227.0,2323.77,0.3,20.09,1.9
44.21,-45.32,227.0,2310.01,0.32,20.09,3.74
41.34,-44.57,226.88,2318.88,0.32,19.73,1.66
39.8,-42.95,221.56,2338.65,0.31,19.65,7.26
42.38,-42.81,225.94,2342.35,0.31,19.07,5.6
41.96,-43.04,224.94,2336.36,0.32,18.95,2.57
41.82,-42.68,225.25,2339.35,0.32,19.12,2.17
41.43,-42.32,225.25,2345.73,0.32,19.35,1.59
42.31,-40.57,224.63,2353.95,0.32,19.24,2.25
43.19,-38.82,224.0,2362.16,0.32,19.14,3.37
43.22,-38.2,223.5,2369.44,0.32,19.07,3.86
46.16,-36.82,225.13,2382.41,0.3,19.19,6.23
54.11,-34.43,227.75,2384.71,0.32,18.87,2.85
64.98,-24.77,229.19,2556.31,0.33,13.51,2.08
51.41,-66.38,212.1,2395.59,0.26,17.33,1.06
56.15,-64.86,212.1,2394.97,0.26,16.09,1.22
56.96,-63.72,212.1,2402.66,0.26,15.38,1.07
58.98,-56.72,212.1,2425.57,0.27,13.57,0.96
60.96,-51.02,212.1,2436.55,0.28,13.15,1.95
52.8,-53.0,212.1,2420.78,0.25,14.31,1.06
54.23,-61.76,212.1,2401.46,0.28,14.4,1.37
62.09,-71.13,212.1,2401.8,0.27,15.02,1.03
46.22,-71.57,212.1,2268.86,0.26,27.44,5.02
32.0,-65.09,212.1,2302.03,0.26,42.69,2.36
32.84,-63.57,212.1,2343.44,0.25,58.86,2.47
33.9,-63.11,212.1,2253.5,0.25,67.96,4.68
31.7,-62.72,212.1,2158.7,0.28,77.52,6.63
32.31,-62.47,212.1,2136.24,0.31,78.17,5.51
32.01,-61.44,212.1,2302.97,0.27,59.3,3.34
28.64,-58.79,212.1,2241.43,0.25,45.86,1.83
27.77,-57.69,212.1,2214.8,0.29,50.84,6.58
26.43,-57.19,212.1,2205.29,0.3,55.09,2.65
21.8,-55.33,212.1,2177.72,0.3,83.54,7.03
20.88,-53.94,212.1,2159.81,0.31,103.91,8.44
23.81,-53.44,212.1,2153.88,0.32,107.21,8.6
31.25,-52.91,212.1,2202.46,0.3,84.85,13.69
35.78,-52.55,212.1,2232.84,0.3,75.2,7.39
56.87,-47.71,212.1,2432.82,0.3,36.46,2.75
69.02,-44.47,212.1,2449.24,0.3,27.15,1.88
65.75,-38.69,212.1,2434.48,0.3,19.71,2.99
64.91,-37.94,212.1,2438.59,0.29,17.66,2.32
65.87,-38.94,212.1,2442.7,0.29,16.08,2.51
69.24,-36.97,212.1,2440.33,0.3,14.24,2.68
63.86,-36.0,212.1,2428.63,0.28,14.22,2.18
64.52,-35.75,212.1,2420.83,0.3,14.07,2.03
66.9,-35.75,212.1,2415.1,0.3,14.28,1.79
71.31,-35.5,213.11,2404.29,0.3,14.65,1.87
70.8,-35.4,214.13,2384.54,0.3,15.26,1.79
60.26,-36.04,214.13,2356.37,0.3,16.35,3.92
55.01,-36.82,214.13,2343.97,0.28,17.16,1.5
51.44,-36.7,214.13,2329.52,0.3,18.39,2.8
50.52,-36.42,214.13,2332.05,0.3,18.65,3.18
54.22,-35.82,214.13,2335.53,0.29,19.14,3.37
51.35,-34.82,214.13,2322.47,0.3,18.72,2.25
53.29,-35.5,216.13,2317.8,0.29,18.32,3.21
55.74,-35.5,216.13,2316.86,0.3,18.44,3.29
56.75,-34.25,216.13,2324.63,0.3,17.84,3.86
59.87,-33.75,216.13,2333.5,0.3,17.49,2.3
80.43,-33.5,216.13,2345.72,0.3,16.91,1.8
88.37,-32.75,216.13,2349.43,0.3,16.93,2.58
84.38,-32.35,216.13,2341.47,0.3,16.45,3.62
68.06,-32.46,216.13,2336.7,0.29,16.18,2.97
68.43,-31.81,216.13,2333.08,0.28,15.54,2.29
69.24,-30.55,216.13,2330.4,0.28,14.93,2.57
80.06,-23.84,216.13,2331.52,0.32,11.99,2.09
72.99,-25.35,216.13,2322.21,0.34,11.1,1.82
68.28,-25.3,216.13,2333.35,0.32,10.7,2.06
71.31,-23.82,216.13,2337.6,0.34,10.16,3.34
59.11,-65.94,198.02,2439.1,0.31,10.42,0.45
57.03,-70.7,195.55,2433.1,0.3,10.76,0.36
51.98,-73.6,198.76,2427.1,0.29,11.06,0.37
45.3,-82.08,198.27,2421.1,0.29,11.41,7.67
42.0,-84.26,196.29,2377.9,0.3,12.11,1.29
40.5,-84.95,194.55,2329.9,0.32,12.91,1.17
38.25,-85.94,193.56,2265.4,0.32,14.14,2.11
38.25,-86.73,193.07,2283.6,0.32,15.07,4.97
40.48,-88.42,191.57,2292.6,0.32,16.45,2.34
39.87,-89.51,189.57,2281.8,0.32,17.15,1.35
39.95,-91.68,192.0,2298.9,0.33,19.45,0.19
40.25,-92.08,192.24,2293.2,0.33,19.91,0.81
42.18,-90.59,192.95,2280.6,0.32,20.74,0.51
46.5,-87.82,193.91,2268.0,0.32,21.51,0.35
50.25,-86.04,193.9,2261.7,0.31,22.01,1.73
53.55,-83.17,193.13,2257.4,0.31,22.41,1.19
63.86,-73.4,195.8,2338.6,0.31,22.41,1.6
65.64,-69.41,194.06,2395.3,0.31,22.21,0.24
64.75,-68.91,194.31,2386.2,0.32,21.91,1.39
63.71,-69.11,194.31,2376.0,0.32,20.93,0.9
61.34,-73.2,194.06,2345.4,0.33,18.58,0.87
55.65,-77.3,194.06,2314.8,0.33,16.8,0.11
56.7,-75.3,192.33,2294.4,0.32,15.75,2.3
63.42,-67.62,195.3,2308.2,0.32,15.12,2.45
72.62,-60.5,196.04,2362.8,0.31,14.98,1.88
80.05,-56.63,197.03,2417.4,0.31,14.84,1.74
79.31,-52.57,197.28,2499.3,0.32,13.79,1.43
73.66,-53.37,196.29,2491.1,0.33,12.81,1.77
64.31,-62.77,196.29,2455.7,0.33,12.24,1.19
54.0,-74.0,196.29,2420.3,0.34,12.7,0.88
45.75,-80.69,193.81,2384.9,0.33,12.7,1.68
45.75,-82.28,193.81,2349.5,0.33,12.7,2.77
52.35,-83.47,193.29,2225.0,0.33,12.93,1.82
58.2,-85.05,193.53,2336.7,0.34,13.05,0.92
62.82,-85.94,192.02,2364.1,0.35,13.23,0.91
66.09,-83.96,194.0,2376.8,0.35,13.42,0.34
68.16,-81.49,193.47,2371.6,0.34,13.41,0.27
80.5,-73.9,192.17,2363.0,0.33,13.4,0.34
102.62,-64.06,193.36,2404.0,0.31,13.2,0.43
124.02,-52.97,197.03,2449.6,0.31,11.98,0.25
135.93,-46.63,197.03,2480.0,0.33,11.12,0.3
146.82,-39.21,197.03,2484.0,0.36,10.09,0.69
124.15,-32.67,198.27,2461.2,0.4,8.84,0.39
91.34,-29.12,198.02,2447.2,0.47,7.47,0.55
55.86,-19.8,208.91,2306.27,0.4,3.06,0.23
53.47,-26.5,198.0,2398.41,0.32,4.36,0.39
52.75,-29.7,193.25,2410.95,0.25,6.68,0.37
53.17,-32.1,193.25,2419.7,0.25,10.72,0.46
51.26,-34.2,193.5,2426.27,0.26,14.41,0.53
50.06,-35.2,193.74,2430.25,0.25,16.7,1.03
49.7,-36.8,192.71,2452.54,0.24,20.47,0.15
51.5,-40.1,190.93,2480.6,0.23,22.34,2.84
48.8,-45.38,189.4,2450.55,0.22,24.38,1.74
43.06,-51.37,188.63,2421.89,0.22,26.49,1.18
39.53,-56.24,188.61,2387.46,0.22,30.42,1.53
40.67,-59.51,189.36,2358.61,0.22,35.13,1.22
44.68,-61.4,188.86,2334.33,0.24,40.55,0.57
41.57,-62.5,189.36,2263.09,0.28,46.91,2.27
36.07,-62.3,189.34,2231.24,0.29,53.38,1.89
33.55,-62.3,190.31,2250.55,0.29,61.99,2.93
34.39,-62.1,190.29,2253.93,0.29,67.75,2.46
34.99,-61.9,189.76,2249.95,0.28,68.7,1.91
34.93,-61.1,189.5,2250.95,0.28,67.12,2.19
34.81,-60.7,189.75,2255.52,0.29,64.66,2.19
33.61,-60.4,190.25,2251.94,0.29,59.72,1.28
32.54,-59.41,189.0,2236.22,0.3,54.64,2.42
32.84,-57.82,187.75,2232.24,0.3,54.14,3.75
32.72,-56.04,187.25,2240.6,0.31,53.38,0.94
32.12,-54.17,187.5,2240.6,0.31,52.87,0.44
31.64,-51.99,187.75,2219.1,0.31,50.0,4.1
32.72,-48.11,188.75,2184.88,0.3,44.16,1.17
35.23,-46.32,189.25,2204.38,0.29,38.09,5.71
45.63,-41.46,190.0,2292.54,0.27,30.6,7.51
57.9,-37.5,191.0,2448.56,0.26,25.54,0.58
70.22,-33.4,191.97,2500.5,0.27,21.24,0.27
75.0,-30.2,191.67,2440.0,0.3,16.33,0.25
72.61,-31.0,191.13,2449.55,0.33,14.82,0.6
73.8,-30.7,190.85,2460.9,0.33,13.95,0.61
75.6,-29.11,191.09,2438.41,0.32,13.44,0.81
77.27,-28.12,192.08,2426.07,0.31,13.26,1.6
79.96,-27.13,193.32,2406.57,0.31,13.01,1.33
79.07,-26.63,194.31,2393.63,0.31,12.89,1.4
82.36,-25.35,194.54,2405.97,0.31,12.66,1.11
89.41,-24.55,194.03,2400.6,0.3,12.83,0.69
86.72,-25.05,193.02,2387.07,0.31,13.07,1.1
79.96,-25.94,190.0,2352.44,0.33,12.95,1.9
79.49,-25.64,190.5,2335.92,0.33,12.83,1.57
86.42,-22.18,192.5,2367.76,0.34,12.6,1.01
88.64,-18.4,195.25,2372.34,0.35,11.59,0.78
52.28,-25.5,195.5,2408.32,0.3,5.92,0.18
42.45,-48.08,196.0,2509.5,0.18,13.33,1.25
41.09,-53.76,196.24,2489.09,0.19,15.35,0.25
38.83,-58.81,196.44,2440.93,0.21,17.66,0.45
44.46,-60.3,195.37,2368.67,0.25,20.78,1.13
45.92,-60.3,194.58,2337.0,0.25,21.54,2.73
40.7,-60.5,193.33,2305.0,0.24,22.34,3.56
37.3,-60.2,193.36,2278.5,0.24,23.07,1.57
36.27,-59.4,194.64,2293.5,0.25,22.97,9.35
39.27,-58.2,196.68,2318.5,0.26,22.24,0.75
42.73,-56.3,198.72,2318.5,0.26,21.63,0.32
48.56,-51.2,198.5,2318.5,0.27,17.93,1.42
74.75,-30.9,209.66,2424.04,0.17,8.79,0.86
62.88,-37.2,209.66,2416.56,0.21,9.47,0.48
27.89,-54.75,209.92,2276.0,0.27,10.71,1.94
24.98,-58.18,209.43,2206.6,0.25,11.8,9.48
41.74,-57.98,209.18,2229.06,0.22,13.05,9.62
47.12,-58.38,208.44,2283.5,0.19,15.19,5.28
41.68,-51.82,207.95,2292.0,0.13,15.33,7.21
47.51,-43.5,207.71,2371.6,0.09,15.19,7.51
51.35,-49.2,207.72,2518.0,0.16,16.57,2.52
32.83,-53.23,207.73,2417.85,0.21,20.19,1.37
22.95,-60.7,207.98,2321.5,0.26,21.33,0.62
19.97,-62.0,208.23,2260.0,0.26,21.93,0.98
19.23,-61.2,206.99,2219.76,0.22,21.73,2.97
19.51,-58.69,206.99,2223.73,0.18,21.33,2.94
22.36,-48.8,207.5,2275.0,0.14,19.19,2.69
30.6,-40.41,208.0,2377.78,0.11,16.65,0.49
26.54,-56.1,208.25,2401.5,0.17,13.23,0.82
30.06,-54.3,208.25,2349.0,0.12,11.91,0.37
48.96,20.35,203.4,2202.03,0.3,3.15,0.36
40.35,19.07,200.6,2481.05,0.27,3.77,0.79
45.75,17.39,200.75,2412.94,0.3,4.15,0.38
64.24,13.16,211.63,2302.63,0.35,4.59,0.24
64.62,6.47,201.75,2339.35,0.33,5.22,0.28
59.52,3.99,205.48,2363.12,0.31,6.19,0.27
56.07,-0.3,202.45,2368.14,0.3,6.97,0.3
54.27,-11.51,196.57,2372.32,0.29,8.47,0.51
53.76,-22.58,195.38,2368.8,0.29,9.84,0.23
49.75,-26.24,195.59,2363.84,0.28,10.95,0.25
42.89,-31.93,196.22,2341.7,0.27,12.62,1.71
36.08,-42.51,197.07,2306.61,0.27,14.54,6.05
35.42,-34.24,197.9,2282.64,0.25,15.97,7.43
45.52,-33.05,197.92,2415.68,0.25,13.35,0.23
52.4,-40.25,198.0,2434.8,0.26,12.72,0.96
59.7,-33.19,197.71,2359.52,0.27,13.62,0.32
58.83,-25.58,197.34,2321.9,0.28,15.36,0.62
65.35,-25.61,196.4,2333.75,0.26,17.05,3.89
74.67,-27.46,196.53,2376.14,0.27,15.45,0.42
31.63,-17.5,201.98,2429.5,0.49,2.59,0.72
35.2,-23.58,200.5,2405.5,0.35,3.31,0.67
38.32,-26.56,200.5,2387.13,0.31,3.93,2.17
41.44,-29.56,200.5,2387.13,0.28,4.86,2.37
47.1,-31.58,200.75,2567.0,0.21,10.05,0.81
48.6,-40.9,201.98,2499.0,0.23,14.11,0.46
45.15,-50.7,198.25,2448.5,0.26,13.33,1.07
39.95,-55.9,198.25,2366.83,0.28,12.96,1.34
40.25,-57.7,198.25,2335.0,0.29,12.54,3.1
42.48,-56.7,198.25,2378.71,0.3,12.08,3.8
42.18,-54.4,198.25,2418.5,0.31,11.79,0.67
45.9,-53.0,198.25,2433.5,0.32,11.63,1.88
49.05,-50.5,195.5,2402.5,0.33,11.25,1.83
39.95,-77.0,199.25,2334.0,0.33,10.84,1.17
38.76,-71.3,199.25,2319.0,0.33,11.04,0.42
36.39,-67.82,199.26,2332.0,0.34,11.41,1.22
38.76,-64.26,199.26,2375.74,0.33,11.79,1.06
42.04,-61.98,199.51,2397.53,0.33,11.96,1.89
44.58,-59.6,200.0,2412.0,0.34,11.96,1.45
48.48,-56.1,200.5,2434.0,0.34,11.96,2.34
95.25,-26.24,215.25,2430.5,0.34,8.04,0.66
98.85,-24.36,226.49,2392.08,0.34,6.56,0.56
126.9,-22.08,244.8,2394.55,0.36,5.83,0.5
88.05,-20.59,237.87,2398.52,0.38,5.44,0.6
73.96,-19.7,255.5,2296.0,0.38,5.09,0.59
73.66,-19.7,251.25,2301.0,0.39,5.05,0.76
73.37,-19.8,248.52,2398.52,0.39,4.98,1.1
72.64,-19.7,279.95,2420.5,0.4,4.61,0.56
74.52,-18.91,275.0,2346.5,0.41,4.42,0.67
74.7,-19.6,285.44,2318.5,0.42,4.22,0.47
74.24,-17.1,253.75,2344.0,0.45,2.91,0.63
74.39,-16.6,275.25,2296.0,0.45,2.82,1.27
76.65,-16.5,246.29,2272.5,0.45,2.76,1.11
78.0,-16.6,236.63,2345.0,0.44,2.7,0.32
77.85,-16.5,224.0,2343.5,0.45,2.73,1.18
78.3,-16.7,235.4,2330.0,0.46,2.82,0.87
82.35,-17.4,227.23,2351.49,0.46,2.97,0.56
80.1,-18.1,236.39,2285.0,0.44,3.29,1.66
75.9,-19.7,240.1,2242.0,0.46,3.58,1.61
75.45,-20.99,229.46,2246.5,0.44,3.78,0.48
67.94,-18.69,200.0,2383.0,0.27,19.28,5.79
66.62,-20.2,200.02,2352.0,0.28,18.67,5.61
60.15,-22.21,200.09,2332.0,0.28,18.41,5.17
50.11,-24.43,200.16,2305.0,0.27,19.28,7.72
51.9,-26.35,200.21,2295.5,0.27,19.73,0.71
54.72,-27.88,200.25,2332.0,0.28,20.28,6.92
45.74,-29.6,200.0,2294.5,0.29,20.94,0.71
44.12,-30.5,200.0,2262.0,0.29,21.24,7.72
43.97,-31.1,200.0,2256.5,0.29,21.43,0.71
43.82,-31.3,200.0,2264.0,0.28,21.63,6.25
47.67,-31.7,200.0,2313.0,0.28,21.14,4.04
51.54,-31.5,200.0,2331.5,0.28,20.75,7.98
54.51,-31.3,200.0,2350.0,0.28,20.56,7.72
60.74,-30.3,199.02,2384.5,0.29,19.73,1.48
60.59,-29.9,198.78,2388.0,0.29,19.46,0.82
59.26,-28.99,198.78,2395.0,0.29,18.93,0.87
62.06,-27.27,198.83,2394.5,0.29,18.17,2.82
66.03,-25.25,198.88,2390.0,0.28,17.6,1.15
67.65,-24.24,199.15,2387.5,0.28,17.2,0.73
67.65,-23.23,199.18,2386.0,0.28,16.89,1.77
65.15,-22.42,199.47,2381.0,0.28,16.44,0.73
66.47,-22.42,199.75,2387.5,0.27,15.71,0.73
76.82,-21.72,199.75,2420.0,0.27,15.28,1.77
87.27,-19.8,200.0,2446.5,0.28,14.8,0.99
77.9,-21.52,200.98,2378.0,0.29,15.22,2.12
78.24,-22.32,200.0,2362.0,0.29,15.87,0.55
78.7,-22.32,199.75,2378.0,0.29,16.02,1.04
79.51,-22.32,198.07,2384.0,0.29,16.04,0.98
79.36,-22.42,197.85,2390.0,0.29,15.89,0.99
81.32,-22.63,197.63,2396.0,0.3,15.74,1.06
97.03,-22.42,198.21,2380.0,0.32,15.09,0.99
109.39,-21.92,198.76,2382.0,0.32,14.68,0.6
66.62,-24.55,193.81,2312.5,0.3,16.17,0.99
57.7,-26.94,193.1,2285.5,0.28,18.83,1.43
58.77,-27.33,193.36,2277.5,0.28,19.36,2.2
59.08,-27.32,193.61,2283.0,0.28,19.36,0.91
59.26,-26.6,193.63,2306.5,0.29,18.15,1.06
60.29,-26.4,193.63,2309.5,0.29,17.33,0.79
63.97,-26.6,193.14,2298.5,0.28,16.47,1.06
60.0,-26.1,192.65,2317.5,0.27,16.25,1.29
59.11,-25.8,192.89,2322.0,0.27,16.1,0.69
63.83,-24.79,195.38,2336.5,0.27,15.36,1.29
