SP,RHOB,NPSS,FZI_CALC,log_GR,log_CALX,log_ILD
-39.5,2378.71,0.31,2.21,3.83557383326474,5.358330036454207,1.4445632692438664
-42.0,2378.71,0.31,0.64,3.8480176754522337,5.360587692274161,1.5282278570085572
-48.6,2405.0,0.36,4.04,4.019441402195416,5.347440808507589,1.8341801851120072
-50.4,2425.5,0.35,0.5,4.029983803061711,5.329379891999855,1.8855533485144158
-67.49,2312.5,0.25,3.24,4.04234926710372,5.320372357328868,2.688527534613346
-71.17,2269.5,0.25,2.3,3.8732821771117156,5.320274533900079,2.753023566744941
-76.72,2203.03,0.26,9.07,3.43043250693049,5.321105728178468,2.9317269435780786
-78.11,2201.01,0.27,7.83,3.9023766283763406,5.322082720098298,3.051166980442092
-78.6,2201.01,0.28,4.62,3.9021746693733315,5.323156309894955,3.0878555624297968
-80.0,2222.22,0.28,3.08,3.796612153916818,5.3230099791384085,3.1157350659486873
-79.8,2237.88,0.27,6.37,3.6913763343125234,5.324228748332538,3.0601145324832593
-78.6,2262.5,0.25,5.73,3.7628266990660193,5.32544603393629,2.9454910571172443
-76.5,2296.5,0.24,2.81,3.7764323511217976,5.32544603393629,2.776954179749421
-71.5,2337.0,0.24,0.69,3.7383836490170252,5.326661839557179,2.6720775406433925
-65.7,2378.22,0.25,0.37,3.966511190712216,5.327876168789581,2.5945081597030812
-57.43,2434.5,0.26,0.27,4.019082077721554,5.32908902521479,2.4714836294558595
-39.5,2378.71,0.31,2.21,3.83557383326474,5.358330036454207,1.4445632692438664
-42.0,2378.71,0.31,0.64,3.8480176754522337,5.360587692274161,1.5282278570085572
-48.6,2405.0,0.36,4.04,4.019441402195416,5.347440808507589,1.8341801851120072
-50.4,2425.5,0.35,0.5,4.029983803061711,5.329379891999855,1.8855533485144158
-67.49,2312.5,0.25,3.24,4.04234926710372,5.320372357328868,2.688527534613346
-71.17,2269.5,0.25,2.3,3.8732821771117156,5.320274533900079,2.753023566744941
-76.72,2203.03,0.26,9.07,3.43043250693049,5.321105728178468,2.9317269435780786
-78.11,2201.01,0.27,7.83,3.9023766283763406,5.322082720098298,3.051166980442092
-78.6,2201.01,0.28,4.62,3.9021746693733315,5.323156309894955,3.0878555624297968
-80.0,2222.22,0.28,3.08,3.796612153916818,5.3230099791384085,3.1157350659486873
-79.8,2237.88,0.27,6.37,3.6913763343125234,5.324228748332538,3.0601145324832593
-78.6,2262.5,0.25,5.73,3.7628266990660193,5.32544603393629,2.9454910571172443
-76.5,2296.5,0.24,2.81,3.7764323511217976,5.32544603393629,2.776954179749421
-71.5,2337.0,0.24,0.69,3.7383836490170252,5.326661839557179,2.6720775406433925
-65.7,2378.22,0.25,0.37,3.966511190712216,5.327876168789581,2.5945081597030812
-57.43,2434.5,0.26,0.27,4.019082077721554,5.32908902521479,2.4714836294558595
-39.86,2502.74,0.29,3.11,4.078045789252598,5.427194193468923,2.2353763433005955
-40.48,2491.74,0.3,4.21,3.993234260852969,5.412984441526163,2.3523271848888596
-40.31,2499.96,0.3,3.91,4.031582240485785,5.411958503037085,2.427454075039915
-40.37,2515.93,0.3,2.03,4.134045929073653,5.414632658929385,2.503891949699081
-41.4,2547.6,0.29,12.53,4.199455046624718,5.412806093032734,2.5756610130564646
-43.36,2549.93,0.28,3.42,4.209011637200227,5.410395269953387,2.667922410011431
-52.23,2492.14,0.27,6.64,4.129067998280486,5.4040728042139,2.9322598505984176
-63.21,2443.54,0.26,3.5,3.9969154724461085,5.394036553606581,3.1032404812692764
-68.83,2418.17,0.25,1.8,3.884034968887977,5.387243575742438,3.179719109667007
-73.32,2408.71,0.26,5.82,3.787592927049969,5.380358076884246,3.2733640101522705
-69.44,2417.54,0.29,7.04,3.9887988442301956,5.383072032412845,3.232778730037192
-66.92,2426.63,0.29,6.26,3.986759351542163,5.3656488587083215,3.139399623366404
-65.18,2451.71,0.26,2.56,3.97912074896064,5.358471289367784,3.080532875246456
-62.33,2466.28,0.26,3.0,4.01096295328305,5.376989905199339,2.9806186357439426
-64.91,2444.15,0.26,1.96,4.142658422500651,5.3855953746550975,2.866192902199006
-69.27,2418.66,0.26,1.06,4.068513802187579,5.38943695991552,2.8237570088141806
-70.33,2410.06,0.26,2.07,4.006605647914094,5.389026066673499,2.8183982582710754
-67.48,2405.41,0.26,2.84,4.028204759717555,5.3845868017002125,2.8384934971274993
-63.54,2401.92,0.27,3.84,3.9815490680767565,5.3831179682405015,2.854168709232204
-58.02,2415.89,0.28,8.15,3.941193382727926,5.381876959646967,2.834976494674597
-54.59,2421.25,0.28,2.72,3.9987510089379703,5.389208706736104,2.7781979610042917
-52.41,2407.47,0.28,3.24,4.140432666414855,5.39703083948407,2.715356776284648
-52.57,2398.44,0.27,2.25,4.221270855794487,5.393354781882788,2.6775909936175015
-55.62,2393.7,0.29,2.09,4.312542571143296,5.382842321617725,2.6224923127405635
-52.65,2396.54,0.29,1.58,4.54403918598386,5.3855037282269524,2.60638654732571
-50.93,2406.97,0.28,2.33,4.592793914920036,5.386190871798276,2.5855058483441162
-47.16,2399.26,0.28,1.7,4.405010471064257,5.390942125653859,2.5603232890727545
-45.55,2380.21,0.31,2.01,4.330470147759479,5.393172897560715,2.522523513359307
-47.71,2378.95,0.3,3.28,4.340553386467307,5.384311559714898,2.4907230351094403
-48.63,2385.11,0.29,1.55,4.3528552573736015,5.378421610789698,2.4672517145492794
-45.12,2397.26,0.3,1.03,4.352469082431556,5.386969064142599,2.412335956953165
-43.08,2389.96,0.3,1.75,4.341595188879544,5.385824453986271,2.347558458636777
-41.98,2385.51,0.29,2.4,4.363608049149864,5.387152080248527,2.300583090323373
-41.76,2391.55,0.31,2.14,4.4298639640880415,5.3893456648956,2.286455711064162
-43.13,2398.21,0.28,1.76,4.405376883282097,5.390440655423842,2.309560706730471
-48.38,2395.19,0.29,3.36,4.285102653392156,5.387152080248527,2.3608540011180215
-48.03,2390.61,0.28,4.49,4.288127958229824,5.381002733166644,2.365559892155434
-45.99,2384.99,0.28,0.96,4.37248122183035,5.376111393988057,2.334083760053417
-44.34,2385.81,0.28,2.72,4.423648309364701,5.374722697750442,2.3045830956567186
-44.66,2394.65,0.31,1.71,4.399498115585886,5.3745837220014865,2.280339484046726
-44.95,2405.28,0.28,1.58,4.404766121643371,5.380035592832894,2.278292400425001
-45.82,2405.67,0.28,1.48,4.411949448325136,5.3811868443703315,2.2823823856765264
-45.39,2409.14,0.29,1.16,4.368434681154414,5.381738974687109,2.265921108622454
-43.27,2402.54,0.29,3.85,4.394819456472634,5.38408213350883,2.2321626286975
-41.26,2403.78,0.3,2.42,4.43366986782572,5.38541207339897,2.179286876649552
-41.0,2411.05,0.3,0.35,4.445236148071766,5.385961876400083,2.1656192379208883
-42.16,2418.69,0.3,0.37,4.451086170605376,5.3845868017002125,2.169053700369523
-44.19,2414.12,0.3,0.51,4.413161863604593,5.3813249055316446,2.179286876649552
-44.68,2410.73,0.29,0.71,4.364753306003425,5.3841739103077195,2.191653532286764
-52.28,2586.5,0.27,0.49,3.9335887833427066,5.276327348656421,2.225704048658088
-61.2,2528.47,0.25,0.49,3.8981269002360346,5.276327348656421,2.7414849771884473
-65.19,2500.37,0.24,0.51,3.8854736701946093,5.276327348656421,2.7414849771884473
-68.76,2471.12,0.24,0.43,3.981362483506759,5.2758161012015234,2.7414849771884473
-70.34,2455.02,0.25,0.54,4.061476958596484,5.275304592238964,2.73696154459663
-73.92,2454.01,0.26,0.51,4.308245532169378,5.275304592238964,2.7232671669070703
-76.9,2468.51,0.28,0.6,4.499809670330265,5.275304592238964,2.7140322727797574
-82.28,2449.0,0.29,0.6,4.535498512738772,5.275304592238964,2.6953026282797072
-86.14,2421.5,0.28,0.77,4.437934266612178,5.275304592238964,2.6905648867611904
-88.52,2396.01,0.27,0.85,4.283034685466931,5.275304592238964,2.681021528714291
-89.7,2385.02,0.27,0.73,4.20797082229696,5.275304592238964,2.6803363625346943
-90.9,2367.5,0.31,0.78,4.147885329150131,5.275304592238964,2.6796507265805123
-90.9,2315.35,0.32,0.43,3.9130225057612296,5.276327348656421,2.6837575085331657
-74.0,2446.15,0.28,0.76,4.214347354616797,5.275304592238964,2.7985001040242823
-77.1,2450.02,0.29,0.62,4.218772140597153,5.275304592238964,2.8535925063928684
-85.35,2309.0,0.32,2.78,3.9678360702473587,5.275304592238964,3.0281994636914926
-87.22,2238.46,0.32,1.73,3.6157709822932977,5.275304592238964,3.0969341540629585
-84.23,2254.0,0.32,2.37,3.654805473780185,5.275304592238964,3.0096351787229825
-72.48,2348.04,0.28,0.29,4.066459358732565,5.275304592238964,2.8581928595319295
-60.8,2531.0,0.26,0.35,4.362461479179042,5.275304592238964,2.7479117345273405
-52.97,2542.0,0.3,0.16,4.49647076906475,5.275304592238964,2.637627736805664
-56.24,2478.42,0.3,3.46,4.339249605317823,5.275304592238964,2.671386216730619
-63.3,2449.82,0.29,0.7,4.227563406008323,5.274280788719795,2.6993457604720636
-70.1,2422.22,0.28,3.03,4.08446256236765,5.275304592238964,2.740194654428777
-76.73,2405.58,0.28,2.23,4.074311908471865,5.275304592238964,2.800325477211381
-78.91,2307.96,0.3,0.29,3.7932394694381792,5.274280788719795,2.818995095053937
-81.0,2293.5,0.31,0.81,3.7864597824528,5.274280788719795,2.8148097376737438
-84.0,2314.87,0.31,1.33,3.873697891106478,5.274280788719795,2.8160073426073025
-86.8,2325.51,0.29,1.7,3.9394436010041383,5.276327348656421,2.9041650800285006
-86.2,2284.94,0.3,1.46,3.945070859474346,5.275304592238964,2.972975286431375
-78.91,2328.51,0.28,0.93,4.027848570933736,5.27734906011184,2.776954179749421
-64.8,2442.27,0.3,0.92,4.4607222816222185,5.27734906011184,2.5626389983283526
-61.3,2462.09,0.32,0.6,4.6862892372728835,5.28942797270212,2.343727036325221
-64.5,2269.63,0.31,0.77,4.0428758138469085,5.300639667917604,2.658159431488745
-64.95,2268.14,0.31,3.73,3.9589065913269965,5.300639667917604,2.6946271807700692
-64.95,2289.65,0.3,2.59,3.8948768465931756,5.300639667917604,2.731115474033206
-63.75,2324.92,0.29,1.88,3.7970609869584644,5.300639667917604,2.7631695003232895
-63.0,2346.22,0.28,1.12,3.7669972333778885,5.300639667917604,2.7631695003232895
-60.75,2414.56,0.28,1.54,3.8084386891715756,5.300639667917604,2.7498317351171653
-60.9,2418.53,0.29,0.81,3.8192496052757914,5.300639667917604,2.731115474033206
-61.2,2427.45,0.3,0.86,3.8249388985210326,5.300639667917604,2.7219531062712017
-61.8,2384.24,0.31,3.7,3.8308129500026027,5.300639667917604,2.717340248009303
-62.55,2354.75,0.31,3.12,3.846951008684431,5.300639667917604,2.7219531062712017
-63.3,2432.46,0.29,1.54,3.9516282600205055,5.300639667917604,2.7356653681351832
-64.35,2430.99,0.3,1.89,3.9899095440852173,5.300639667917604,2.740194654428777
-66.0,2402.78,0.3,2.35,3.994708372046754,5.300639667917604,2.740194654428777
-67.35,2374.32,0.3,1.95,3.9994842811981406,5.300639667917604,2.740194654428777
-68.55,2353.83,0.29,1.38,3.9604321446358335,5.300639667917604,2.740194654428777
-68.85,2353.84,0.29,2.2,3.9197927426925068,5.300639667917604,2.731115474033206
-68.85,2363.35,0.3,0.46,3.8869103046130706,5.300639667917604,2.7219531062712017
-65.25,2413.24,0.3,0.28,3.8334126048462345,5.300639667917604,2.6946271807700692
-56.96,2421.22,0.33,0.1,4.011144096295953,5.300639667917604,2.640484881606444
-55.73,2400.44,0.33,3.11,4.058544658090914,5.300639667917604,2.6275629501895237
-55.72,2387.96,0.33,0.15,4.080583646972063,5.300639667917604,2.6275629501895237
-7.29,2284.67,0.28,3.21,3.5019472847622986,5.32242444189127,3.1402654242862895
-7.31,2280.23,0.27,2.09,3.4968105458651015,5.3138461681656635,3.1419947805322432
-7.11,2284.08,0.27,1.46,3.4974162394026984,5.312614671248861,3.120159851929043
-8.38,2310.34,0.27,4.53,3.569250966658405,5.323643924494045,3.062923523094314
-11.53,2332.41,0.26,4.17,3.561897992353146,5.296465653184562,2.984671326194566
-12.17,2329.02,0.27,3.12,3.459466289786131,5.2949617427346745,2.968361076757859
-11.44,2315.66,0.28,5.6,3.3575937441800234,5.295463297565131,2.942331496826876
-9.47,2290.38,0.28,4.64,3.5097527882165007,5.290839476692078,3.000222178826843
-11.81,2261.77,0.28,3.49,3.5776685247779345,5.281578042543739,3.038312721089109
-12.18,2284.88,0.29,8.78,3.4622924810219664,5.2810694731384835,3.0483247236731614
-13.97,2302.45,0.27,1.61,3.6375861597263857,5.280560644958777,3.012097627640255
-11.79,2303.2,0.27,2.35,3.6378492830011573,5.2911920416054485,2.9590682891823996
-12.32,2312.43,0.27,1.69,3.608482517041907,5.2949617427346745,2.9231615807191558
-12.11,2313.42,0.27,1.45,3.5773890780805733,5.290033146960339,2.9025198918318122
-9.76,2358.09,0.27,0.66,4.136445738240736,5.296716085181063,2.6946271807700692
-7.21,2409.75,0.29,1.28,4.23642266081509,5.294459936220732,2.6290069937617573
11.52,2415.28,0.3,0.88,4.506233438128068,5.309998871321874,2.4898941912990393
16.32,2405.57,0.3,1.12,4.662967284714308,5.313501501873077,2.4965057856313524
20.63,2398.81,0.31,1.17,4.684905154006945,5.314633531032973,2.509599262378372
22.43,2397.54,0.32,1.14,4.591172676344238,5.310986769648699,2.498973906999436
47.68,2390.4,0.23,1.3,3.8418151103846494,5.287913432832644,1.4279160358107101
34.09,2428.86,0.21,1.07,3.8666071418976635,5.286143565616328,1.8961194845522977
23.92,2449.38,0.21,1.3,3.827553848801696,5.279898781024019,2.3693087250369538
15.16,2461.07,0.2,1.22,3.8342776568032932,5.278216694841034,2.8678989020441064
13.58,2442.31,0.19,0.53,3.7739097032985116,5.276071757600717,2.9412760877579323
12.79,2418.23,0.2,0.66,3.630720539940404,5.278930652747847,2.922085733385692
10.99,2401.33,0.22,0.58,3.522234376704989,5.272948275197495,2.872999508171694
11.37,2349.11,0.21,4.14,3.6615082573178044,5.278573737511425,2.8622008809294686
11.28,2345.54,0.21,1.0,3.7201358437644907,5.281323790171466,2.847232265235547
13.7,2422.98,0.25,0.55,3.8577779905757503,5.286143565616328,2.757475084429733
18.16,2471.97,0.26,0.26,3.858411235979497,5.285080139766016,2.6762154775821916
19.91,2481.61,0.25,0.41,3.8044377947482086,5.288166015491662,2.60859812213055
19.31,2474.58,0.25,0.75,3.8006444174447567,5.28269598564508,2.5900171341906173
19.19,2458.46,0.23,0.54,3.7764323511217976,5.283356001407877,2.6769034721053733
14.6,2418.5,0.21,0.85,3.6490985841020915,5.279287440641231,2.848391685655282
12.5,2401.0,0.21,0.21,3.503152104185149,5.280611539429104,2.926382195419198
10.58,2374.46,0.19,1.64,3.3439213138424253,5.280916851867869,3.044998514856909
8.79,2339.68,0.18,5.2,3.0525850851467737,5.280662431309316,3.2744997286161976
7.63,2311.37,0.19,5.12,3.058237478905388,5.283406753812282,3.583796677660784
6.27,2305.23,0.22,4.96,3.2296179214001026,5.284776095981369,3.976873977747762
5.35,2271.03,0.24,0.56,3.4008639927609177,5.28269598564508,4.22814675151123
4.91,2208.26,0.24,3.26,3.623540612805596,5.27918551423201,4.237145360853772
3.77,2282.4,0.21,2.94,3.940416079929364,5.299167005502614,4.143769445549624
2.57,2337.32,0.21,0.54,3.9158158036668422,5.298217361547703,4.05126307251965
1.73,2319.93,0.23,1.49,3.805995600782616,5.296465653184562,3.374168709274236
-1.66,2296.4,0.24,1.77,4.283586561860629,5.301163312997955,3.067122269640664
-11.19,2327.72,0.23,0.13,4.146146060785364,5.300165657405654,2.9801108926510342
-16.08,2380.57,0.21,0.56,3.9304521408965134,5.299816242671772,2.9454910571172443
-12.28,2410.38,0.22,3.79,3.8019849002192085,5.299516647123519,2.9785861147190205
0.77,2293.07,0.25,2.4,3.4249139082794713,5.293053536872938,3.5254777821724925
4.91,2262.53,0.26,1.89,3.3304171996011083,5.289276621895888,3.9304521408965134
8.72,2250.85,0.23,1.73,3.1793030497483774,5.292047753534441,4.06474409244581
11.48,2241.79,0.25,2.86,3.1871787381249463,5.287458623213161,4.059407992341204
23.22,2293.38,0.25,4.84,3.8709926558701544,5.287913432832644,3.4317265866969784
27.28,2367.6,0.23,2.7,3.802654468372781,5.294359544693693,3.1346242724206097
24.68,2417.95,0.24,3.12,3.9023766283763406,5.294359544693693,2.9231615807191558
29.03,2404.2,0.28,1.5,4.046553898385752,5.294710870953925,2.712706012638404
33.93,2398.59,0.28,2.6,3.802654468372781,5.298217361547703,2.6932749155200555
31.39,2382.71,0.29,3.92,3.627535823872884,5.297467005093198,2.6546494243750947
35.54,2379.16,0.26,2.27,3.8245024078986507,5.296816240421769,2.6762154775821916
37.94,2411.51,0.26,5.42,4.074991833706286,5.298217361547703,2.689886230474539
39.55,2420.27,0.28,2.13,4.445118797839864,5.294710870953925,2.63834278867739
45.64,2423.39,0.28,1.02,4.6773047837472905,5.296465653184562,2.5779415157551897
40.89,2386.76,0.3,1.27,4.020518601581445,5.299516647123519,2.462149662665384
42.38,2362.89,0.29,2.89,3.802877558167348,5.298217361547703,2.5087859235779435
37.55,2319.4,0.27,2.76,3.574029612434994,5.297116645971518,2.6905648867611904
-16.49,2414.0,0.3,0.62,3.911822985425479,5.267239410977175,1.6845453849209058
-17.02,2460.0,0.23,0.54,3.799078246412012,5.267239410977175,1.8531680973566984
-22.02,2514.0,0.18,0.66,3.566429294357372,5.267239410977175,2.0955609235597192
-32.04,2450.0,0.21,0.53,3.238286218388024,5.258796608385754,2.1329823086078656
-48.29,2356.0,0.27,0.89,3.2519236789144013,5.243068892317559,2.0706530356467567
-55.29,2328.0,0.3,1.83,3.40552135314221,5.243068892317559,2.065596134857783
-59.04,2322.0,0.29,0.4,3.5242995787961386,5.243068892317559,2.0769384114617173
-58.41,2307.9,0.28,0.81,3.5729072778615154,5.243068892317559,2.299580583973747
-54.91,2304.0,0.28,2.92,3.5821290841670557,5.243068892317559,2.4176979000945504
-53.66,2282.0,0.27,1.49,3.561897992353146,5.243068892317559,2.565718292524414
-53.04,2266.0,0.27,3.33,3.507057772361633,5.243068892317559,2.6878474937846906
-53.54,2238.0,0.28,4.6,3.4840054928494704,5.243068892317559,2.8425810940598164
-53.62,2238.0,0.29,1.08,3.4898185733156835,5.243068892317559,2.8361502037295256
-53.74,2236.0,0.3,0.66,3.6065842113871063,5.243068892317559,2.830267833826459
-53.35,2245.0,0.3,2.86,3.921180943212912,5.243068892317559,2.803360380906535
-52.91,2256.0,0.3,1.92,3.9824814690767076,5.243068892317559,2.7738379416402132
-51.04,2282.0,0.3,1.82,4.193284510077004,5.243068892317559,2.740840023925201
-49.04,2233.95,0.31,0.43,4.845682031463393,5.243068892317559,2.6973262377392344
-46.67,2187.9,0.34,1.2,5.111204349017951,5.243068892317559,2.647592232065096
-44.92,2201.95,0.34,0.9,5.168322569931849,5.243068892317559,2.5974910105351463
-30.79,2316.0,0.3,2.22,4.434500481934585,5.243068892317559,2.3841650799864684
-25.79,2358.0,0.26,0.45,4.103304303593573,5.253581472706645,2.2502386126218363
-20.54,2372.0,0.28,4.05,4.049695810553219,5.260096153727839,2.172476407647025
-16.42,2371.95,0.34,0.77,4.425445255041403,5.255566429480404,1.9459101490553132
-14.55,2353.9,0.39,3.18,4.61719756620081,5.259472582724469,1.840549633397487
68.92,2308.41,0.34,5.04,3.9386649363745674,5.310591727423425,0.7975071958841882
64.08,2336.48,0.24,1.84,3.9854593235013285,5.315321965363861,1.1216775615991057
59.36,2367.44,0.22,1.87,3.9648051908671156,5.31679558779381,1.6253112615903906
52.95,2364.58,0.23,1.9,4.0163830207523885,5.32544603393629,2.330200260027019
41.89,2341.86,0.23,8.19,3.8778455536265595,5.326904823399949,2.5384474167160302
35.6,2318.48,0.24,3.86,3.887320392787774,5.324569737692102,2.601207105484161
32.92,2306.4,0.26,3.81,3.956613888756021,5.32222918659435,2.663052835171474
29.85,2305.98,0.27,3.93,3.9736823858148735,5.3138461681656635,2.740194654428777
29.22,2323.05,0.27,2.44,3.914021008090819,5.297567085157333,2.7447035187502458
30.66,2327.99,0.28,2.83,3.9180050771056933,5.297567085157333,2.7206373166076814
31.12,2318.58,0.29,3.04,3.8842406244156944,5.2934053221870165,2.6953026282797072
31.38,2318.07,0.28,3.37,3.8210036070409776,5.282899113819656,2.7226103524335397
31.29,2330.83,0.28,2.32,3.6995720836526793,5.265019081146522,2.702702594775615
28.56,2313.51,0.27,2.34,3.782142084573626,5.268888555857225,2.6946271807700692
28.67,2314.32,0.28,1.03,3.733135545368474,5.2578598889167605,2.703372611551099
29.15,2319.45,0.26,2.53,3.9102213834815176,5.250753949616427,2.6720775406433925
26.65,2299.38,0.27,2.11,3.94681083091381,5.236335574192156,2.658859956911438
24.04,2251.03,0.28,1.48,3.9454577815143836,5.22294705952326,2.643333886382519
22.13,2198.22,0.29,1.95,3.8891637112820634,5.235643772019978,2.6232182655855123
20.04,2233.4,0.28,1.4,3.883623530906448,5.261912684654237,2.604909442182697
17.69,2301.83,0.27,1.5,3.8693242508950307,5.279338399950234,2.6078614738467776
19.57,2288.42,0.26,3.9,3.9078141606540915,5.291091321456297,2.6304489550786583
24.26,2346.54,0.27,2.5,3.849721979230767,5.300564839088516,2.6275629501895237
30.65,2381.56,0.27,9.45,4.111529386976201,5.314731907816132,2.6239436918052106
40.26,2343.3,0.27,2.25,4.46843366241462,5.312368189770696,2.620311286794203
42.4,2325.68,0.31,3.26,4.388381400311889,5.310888023721889,2.579458966729223
71.58,2395.2,0.26,0.32,3.9613844349658702,5.306930169646259,2.5915163848462583
75.15,2359.9,0.27,0.92,3.97198858659558,5.30569012087745,2.6166656393003573
77.23,2325.15,0.28,2.88,3.9223692974822906,5.30569012087745,2.626116818339524
78.91,2304.45,0.28,1.46,3.8482308723403666,5.30569012087745,2.6304489550786583
80.2,2289.25,0.27,1.02,3.787592927049969,5.30569012087745,2.6546494243750947
81.1,2284.25,0.27,1.52,3.786913194385302,5.30569012087745,2.7206373166076814
82.4,2271.3,0.28,1.57,3.7017956793804827,5.30569012087745,2.8273136219290276
82.6,2249.15,0.29,4.1,3.648057459593681,5.30569012087745,2.7966713927557385
82.7,2210.9,0.29,5.02,3.5450090836942345,5.30569012087745,2.716018370751387
82.4,2196.6,0.29,1.98,3.5010427166318716,5.30569012087745,2.6311691567662523
82.0,2203.6,0.28,5.71,3.5493299891638506,5.30569012087745,2.5832425505088623
80.9,2236.1,0.27,2.05,3.8048831298702424,5.30569012087745,2.5494451709255714
78.61,2306.4,0.28,0.48,4.078723181319144,5.3064343346499845,2.503891949699081
73.47,2369.3,0.31,6.57,4.424966385165138,5.322912413403417,2.331172549845958
69.2,2388.0,0.32,1.29,4.77912349311153,5.325202695329419,1.9600947840472698
67.4,2386.8,0.3,1.31,4.883634908890262,5.317531585471841,1.918392120161421
66.2,2374.85,0.3,3.85,4.713755496401532,5.324374900867326,1.922787731634459
65.8,2374.25,0.33,1.97,4.591172676344238,5.324423613632516,1.891604804197771
65.6,2384.15,0.32,9.63,4.516994495084366,5.321740881491625,1.884034745337226
65.2,2373.4,0.31,0.88,4.4916654851912705,5.329961371882498,1.8468787684491346
65.3,2372.7,0.31,2.25,4.523417684115833,5.322912413403417,1.7850704810772584
65.1,2372.3,0.31,1.08,4.547541073151455,5.320078858329549,1.7316555451583497
64.8,2386.4,0.3,4.52,4.539671203755396,5.324959297494458,1.7334238922150915
64.0,2368.4,0.35,1.71,4.5525075334047855,5.320714663990075,1.7732559976634952
63.9,2959.8,0.35,0.27,4.2296036282257905,5.317580632728883,1.6601310267496185
-58.49,2299.99,0.26,1.47,4.062165663857866,5.373563975922575,2.8786365016777435
-57.83,2299.99,0.26,1.39,4.139158578011894,5.373563975922575,2.884241897520628
-57.0,2302.57,0.26,1.63,4.210645017918261,5.373563975922575,2.8758219768814333
-55.93,2307.39,0.26,1.02,4.241326752570746,5.373563975922575,2.866761892257031
-54.83,2318.55,0.27,1.71,4.2710950739666,5.373563975922575,2.8581928595319295
-53.68,2332.4,0.27,1.76,4.29714934254078,5.373563975922575,2.8495497633759097
-52.42,2348.8,0.27,1.91,4.32267464022361,5.374769018708368,2.8460714989995846
-52.59,2398.41,0.28,1.57,4.041295341132285,5.374166678831474,2.866192902199006
-57.78,2374.57,0.27,0.76,3.9887988442301956,5.372403909900735,2.9030685886905716
-59.48,2364.68,0.27,0.7,3.9887988442301956,5.372403909900735,2.9172300453990334
-60.09,2357.47,0.28,0.58,3.9887988442301956,5.372960909543803,2.930660276810276
-60.41,2350.77,0.28,0.91,4.014399072045013,5.373563975922575,2.9433857931817817
-60.42,2344.74,0.28,0.87,4.039360253889341,5.373563975922575,2.9564715596006885
-60.38,2339.0,0.29,1.26,4.138201945285877,5.373563975922575,2.9851767596144745
-60.16,2339.58,0.29,1.59,4.142181891636261,5.373563975922575,3.001217203784561
-59.53,2342.21,0.29,1.9,4.146304301152812,5.374769018708368,3.0037004432031678
-57.51,2349.03,0.29,1.0,4.144562278382718,5.378283148185918,2.9987277825337895
-55.44,2364.7,0.29,1.24,4.152456225279317,5.3811868443703315,2.9851767596144745
-54.66,2376.59,0.29,0.99,4.163404098153595,5.381738974687109,2.979094632400968
-45.13,2391.62,0.28,2.29,4.100989104940769,5.3864655970747295,2.8273136219290276
-47.9,2368.83,0.3,1.62,4.105119635390059,5.383026094474991,2.817801065061329
-51.13,2356.74,0.29,1.27,4.055083848268798,5.389984555073861,2.738902664584975
-51.21,2369.2,0.28,1.79,4.0841258620277685,5.386511377283953,2.7186603802142257
-51.07,2385.32,0.28,1.09,4.143769445549624,5.383026094474991,2.6979998652487085
-50.63,2402.14,0.28,0.75,4.200055016644215,5.382382741665704,2.6796507265805123
-48.69,2421.97,0.3,0.84,4.389498649512583,5.381738974687109,2.6100697927420065
-45.4,2428.95,0.32,1.75,4.441356300749876,5.3811868443703315,2.531313022602156
-105.64,2264.47,0.2,0.72,3.0577676644734435,5.263984687467532,3.365224721203338
-107.43,2261.55,0.22,0.13,3.045474365448805,5.256192440247365,3.2164729402518906
-107.92,2258.25,0.23,1.16,3.0832851705618523,5.2548878086207,3.166740070447672
-108.42,2260.3,0.24,2.91,3.176803048446293,5.2548878086207,3.072230244526716
-108.32,2265.65,0.25,3.06,3.2304090606818736,5.256192440247365,3.0363942552728806
-107.03,2279.71,0.26,0.79,3.3087165288679903,5.2574953720277815,2.972463646614637
-105.45,2300.65,0.26,2.71,3.334701390373791,5.261394012443439,2.944965156500338
-100.1,2342.95,0.25,2.36,3.3874364664121184,5.2665686682334565,2.91235066461494
-93.21,2364.36,0.25,0.34,3.453789831781326,5.269145989247757,2.8707357833793057
-88.32,2360.32,0.25,0.18,3.537765824444175,5.269145989247757,2.866192902199006
-82.98,2357.01,0.26,0.36,3.635214929528243,5.270432163058501,2.9030685886905716
-79.01,2392.08,0.27,0.59,3.723763855967438,5.280662431309316,2.922085733385692
-78.31,2449.69,0.3,4.26,3.793014218845944,5.292047753534441,3.000222178826843
-81.6,2479.75,0.31,0.24,3.8372994592322094,5.295814236329918,3.1036894150590832
-94.26,2449.74,0.34,4.59,3.74856245627511,5.262690188904886,3.490428515390098
-101.19,2311.93,0.3,2.38,3.3951793093365925,5.249652194566756,4.044278584548617
-102.97,2297.57,0.31,1.61,3.414113606928702,5.253581472706645,4.048824046920291
-104.36,2280.3,0.33,1.87,3.4151002868311466,5.2574953720277815,4.0573347365882
-105.35,2261.75,0.32,1.72,3.393837027255863,5.260096153727839,4.0700518696530565
-106.14,2245.55,0.32,3.17,3.3830334110344844,5.260096153727839,4.060443010546419
-106.83,2256.53,0.33,1.81,3.3734835430946397,5.260096153727839,4.046204186894165
-107.23,2260.08,0.33,1.06,3.3123661679555396,5.260096153727839,4.001132180499922
-107.23,2200.18,0.33,2.85,2.9856819377004897,5.261394012443439,3.893247850101812
-107.03,2194.21,0.33,3.23,2.9030685886905716,5.261394012443439,3.8155121050473024
-107.03,2198.28,0.32,3.08,2.8124102164264526,5.258796608385754,3.7428940424201746
-107.33,2226.52,0.31,2.67,2.8678989020441064,5.260096153727839,3.670715483486265
-106.84,2249.9,0.3,0.94,2.848970892158587,5.260096153727839,3.5926438462331105
-105.85,2254.21,0.3,2.58,2.8390784635086144,5.260096153727839,3.5601934464858913
-103.28,2261.87,0.3,2.75,2.9454910571172443,5.2665686682334565,3.5136328109919437
-100.5,2264.27,0.3,0.19,3.0544727685765913,5.270432163058501,3.4722769633431074
-93.76,2265.67,0.29,3.01,3.260401571696699,5.272999558563747,3.3442742342625342
-87.03,2263.71,0.28,3.5,3.429784838514068,5.272999558563747,3.190064743014081
-82.38,2272.31,0.26,3.98,3.5450090836942345,5.272999558563747,3.000222178826843
-80.5,2281.88,0.26,3.97,3.590990953294811,5.275509227222028,2.926382195419198
-72.9,2470.7,0.26,0.42,3.716737782242333,5.289478417880832,2.700018029404946
-69.8,2494.53,0.3,0.95,3.917010546939185,5.2907387210244865,2.506341930508065
-67.72,2486.96,0.31,1.88,3.9718002094640066,5.286902463732738,2.3997118037247684
-66.04,2480.66,0.31,3.52,3.9876869093491356,5.285637313390662,2.3813962734183356
-59.11,2470.38,0.31,0.5,3.984529696214894,5.295814236329918,2.2975725511705014
-58.61,2449.93,0.33,2.46,4.115942961774596,5.298317366548036,2.252343876557299
-55.15,2426.52,0.34,0.38,4.450269224770129,5.297066584646384,2.252343876557299
-57.13,2435.58,0.36,0.55,4.0451543180313285,5.303304908059076,2.1400661634962708
-55.64,2433.63,0.38,0.72,4.130997879870137,5.307029307150058,2.0744289998562917
-54.46,2409.81,0.34,1.34,4.092342559551428,5.324228748332538,1.9960599327407849
-51.78,2441.66,0.38,0.44,4.233236561088719,5.3531369363121435,1.7544036826842861
15.71,2404.23,0.26,1.64,3.5890591188317256,5.359976746934764,1.5173226235262947
13.2,2408.78,0.26,0.65,3.562181801067979,5.3472027642778475,1.5769147207285403
6.53,2388.33,0.27,1.07,3.6430972614588084,5.325154020501596,1.7316555451583497
-3.84,2348.36,0.3,1.07,3.827553848801696,5.3171391207886245,1.791759469228055
-8.45,2330.47,0.3,0.98,3.8379458020318302,5.318610069815799,1.8293763327993617
-13.02,2316.94,0.29,1.19,3.8533340090794663,5.320225618596917,1.8961194845522977
-20.04,2347.25,0.29,0.91,3.905602437625223,5.320225618596917,2.0001277349601105
-14.33,2375.1,0.29,0.35,3.9908341858524357,5.318021949822372,2.050270164379556
-16.69,2382.97,0.26,0.81,4.0920085024245525,5.311085505825715,2.1162555148025524
-24.62,2382.25,0.25,0.71,4.130033404630607,5.30240898445129,2.192770226986839
-27.13,2358.49,0.27,1.36,4.129711706059392,5.29766715520645,2.248128907197987
-25.96,2358.9,0.28,1.77,4.10280864063423,5.299266915583625,2.285438934159075
-17.46,2368.09,0.29,2.12,4.070393341399587,5.311332303625531,2.321406847234633
-8.73,2353.41,0.3,0.77,4.039712366569035,5.3249106108175575,2.382320061012899
-2.91,2327.26,0.29,2.28,3.9691591967989552,5.326904823399949,2.4570214462984645
-14.97,2252.93,0.27,1.53,3.5868467285487844,5.282594406082801,2.7825390530929495
-14.12,2254.82,0.27,3.32,3.574029612434994,5.283964860323636,2.6837575085331657
-12.58,2256.77,0.27,1.97,3.5751506887855933,5.285080139766016,2.6108048166633746
-39.3,2366.44,0.33,0.73,4.091841432003982,5.271716684750857,1.247032293786383
-40.4,2375.44,0.33,0.59,4.079230924412053,5.271716684750857,1.3480731482996928
-42.63,2348.77,0.35,0.42,4.161379963558259,5.3130581848695355,1.4973884086254774
-47.37,2405.09,0.35,0.6,4.066459358732565,5.296615919908279,1.682688374173693
-48.08,2394.16,0.33,0.8,3.966511190712216,5.2962652624219055,1.7867469274045107
-52.28,2401.42,0.35,0.38,4.142340760490356,5.311973692995522,2.020222182019865
-59.01,2408.29,0.35,0.23,4.132442850820759,5.307029307150058,2.122261538862764
-64.75,2401.61,0.34,0.24,4.13660552093661,5.31566600488265,2.307572634505085
-73.3,2338.61,0.32,0.22,4.209902902856373,5.29088985071924,2.587011872725154
-88.32,2304.29,0.3,0.9,4.009149716158869,5.278318720041347,2.7343675094195836
-73.8,2348.81,0.31,0.36,4.006241680667128,5.284624039416034,2.7669478423496954
-77.0,2364.83,0.28,2.19,3.944296565978442,5.2858904715399095,2.768204123921957
-77.4,2351.73,0.25,0.41,3.8809450498572846,5.2858904715399095,2.7917784166329223
-79.2,2216.98,0.3,0.82,3.558770768766916,5.289528860514958,3.000222178826843
-52.6,2350.56,0.33,1.13,4.615714399863762,5.2870036066477635,2.211565694606877
-53.4,2349.36,0.34,0.98,4.62320654847419,5.284471959725984,2.1016921506146558
-55.3,2352.11,0.34,0.69,4.518195171973685,5.271716684750857,2.0844290831908747
-56.92,2338.29,0.34,2.12,4.549657476057832,5.269763559129975,2.060513531794317
-57.53,2349.54,0.33,0.96,4.5065645822339695,5.271973391208435,2.0744289998562917
-65.1,2394.67,0.2,4.56,3.4919517449306197,5.268528037737284,2.91235066461494
-67.1,2301.58,0.17,4.84,3.386083743852107,5.272383984521532,3.0363942552728806
-64.9,2429.0,0.25,2.64,3.79974976294536,5.272999558563747,2.711377991194885
-59.9,2378.66,0.29,0.94,3.696351468952637,5.280051557741144,2.5982353350950036
-62.7,2321.44,0.28,2.09,3.711374531941307,5.260096153727839,2.658159431488745
-65.1,2332.87,0.29,2.49,3.7297814454343623,5.270432163058501,2.7555697170701863
-66.2,2328.86,0.29,2.47,3.8099902798629945,5.263881189226909,2.8296776892239084
-66.8,2310.44,0.3,2.11,3.796612153916818,5.269815006075325,2.8892600290434745
-68.7,2278.0,0.31,2.69,3.8099902798629945,5.270072201107735,2.963209081848431
-70.5,2299.5,0.31,2.03,3.8897773964808264,5.270689199430563,3.0281994636914926
-72.48,2320.35,0.28,1.93,3.914021008090819,5.270946169751904,2.972463646614637
-73.37,2280.0,0.3,1.7,3.82319179172153,5.270432163058501,2.8610573702273894
-73.78,2307.93,0.29,1.57,3.849083205654272,5.274280788719795,2.7813006628418027
-72.7,2279.5,0.29,1.89,3.914021008090819,5.273666003106907,2.7206373166076814
-63.35,2286.16,0.24,1.4,4.123579687490436,5.30395146516513,3.112181086197238
-65.65,2274.28,0.24,1.98,4.081765780015241,5.303901744841937,3.1463051320333655
-68.32,2263.72,0.24,3.03,4.021773869387265,5.303752569037976,3.1912990570979662
-73.29,2250.68,0.24,2.42,3.845883202923601,5.303454150653189,3.2969473602883563
-74.21,2251.14,0.24,2.2,3.7628266990660193,5.303454150653189,3.327550841493857
-75.33,2256.4,0.24,1.49,3.6498787167642037,5.30325515557766,3.3789517727148355
-76.42,2257.56,0.23,2.15,3.610377225958979,5.302558360805291,3.4011973816621555
-77.5,2254.32,0.23,1.33,3.6498787167642037,5.3021599742654875,3.3816747151732915
-78.79,2264.0,0.23,1.67,3.6838669122903918,5.301861080171402,3.3439213138424253
-78.56,2277.32,0.23,0.27,3.661251286996462,5.301462415692109,3.305053521109253
-76.75,2295.2,0.23,0.26,3.634159241913703,5.300714491147758,3.2003044392827653
-76.05,2301.52,0.23,1.76,3.661251286996462,5.300514950091524,3.158276202739271
-75.32,2309.4,0.23,3.79,3.6916256797819615,5.300165657405654,3.1183922862898785
-73.3,2330.36,0.23,1.15,3.7669972333778885,5.299466705804558,3.038312721089109
-70.02,2350.52,0.23,1.39,3.8375149532530846,5.2989671553895334,2.9652730660692823
-68.46,2343.16,0.23,2.08,3.9446837876676946,5.299117046718601,2.944965156500338
-68.7,2311.5,0.24,3.51,4.066630723654585,5.299566585948469,2.944965156500338
-69.42,2303.9,0.24,2.94,4.111529386976201,5.299766316313141,2.9496883350525844
-70.21,2298.1,0.24,1.64,4.113983777474449,5.2999160879117335,2.9543893100196086
-71.86,2288.02,0.24,1.52,4.022490458454117,5.299966006793561,2.97092715463502
-72.99,2278.5,0.24,1.31,3.947969132201615,5.299966006793561,2.9932291433358724
-73.35,2272.9,0.24,2.17,3.8550292839080256,5.299866166537887,3.0076608444192647
-72.96,2277.0,0.22,2.21,3.5959414584546674,5.299117046718601,3.031099417391282
-70.02,2307.96,0.22,2.76,3.6402142821326553,5.29931686688112,3.012589390620414
-66.74,2320.38,0.22,1.88,3.7376696182833684,5.299666456117333,3.0041963519661206
-63.91,2301.6,0.23,0.79,3.8768102496724017,5.300215563831117,2.9719517448885875
-67.28,2292.78,0.23,0.8,3.910021002757473,5.2999160879117335,2.9439125248241944
-60.8,2377.94,0.22,0.64,4.109068957620483,5.301013728095779,2.711377991194885
-57.72,2381.06,0.22,1.66,4.21980177957905,5.301611933497466,2.6224923127405635
-56.24,2378.28,0.22,1.17,4.254193263163997,5.3021599742654875,2.601207105484161
-55.63,2360.38,0.22,1.13,4.493232532747227,5.302259585780661,2.5649493574615367
-54.97,2357.0,0.23,1.31,4.447346100794524,5.302558360805291,2.4997952622817508
-49.54,2378.76,0.24,1.13,4.348728349272367,5.3023591873743685,2.372111155642656
-47.68,2391.5,0.25,1.68,4.408303357752101,5.302209781263381,2.2731562823032334
-46.7,2398.94,0.24,0.76,4.415461410760119,5.3021599742654875,2.2460147415056513
-48.08,2375.04,0.24,0.64,4.391853195491617,5.303852022046511,2.162172939277301
-49.47,2360.72,0.23,0.57,4.360164387816747,5.304050898395797,2.125847914493992
-45.77,2344.36,0.24,0.72,4.433313679041901,5.304398836863904,2.0794415416798357
-45.62,2346.26,0.25,0.62,4.54063166485052,5.304796332645746,2.0425181875752383
-45.22,2347.2,0.26,0.65,4.488186830502272,5.304547916298673,2.081938421878423
-44.25,2362.78,0.25,0.57,4.488186830502272,5.304448532478276,2.0943301541735866
-43.63,2392.82,0.25,0.54,4.447346100794524,5.3047466543129405,2.1016921506146558
-43.19,2331.98,0.25,4.32,4.548599834499697,5.310690502611178,1.9782390361706734
-44.48,2330.54,0.25,6.4,4.519612297626445,5.311233591814583,2.033397603178429
-52.14,2323.86,0.25,1.17,4.420886705880596,5.312417490926818,2.2844211223663744
-55.38,2327.28,0.25,3.44,4.279162999214643,5.312811812698489,2.3702437414678603
-56.37,2332.4,0.25,4.73,4.199905057882593,5.313403003966077,2.3997118037247684
-55.61,2348.56,0.24,4.77,4.091841432003982,5.315371121113865,2.4096441652874536
-52.18,2358.42,0.24,5.91,4.111529386976201,5.316893752120972,2.3532782073095637
-42.15,2368.0,0.26,0.61,4.435093355610574,5.316893752120972,1.8180767775454285
-39.32,2425.8,0.29,9.98,4.506454213048934,5.31664832323276,0.9439058989071284
-10.2,2510.4,0.31,0.17,4.3054155323020415,5.234418640697805,2.4907230351094403
-12.6,2559.41,0.32,0.49,4.303389189156809,5.242328856339181,2.644755350729896
-16.8,2520.79,0.36,0.52,4.33729074083249,5.244916589820922,2.6397713603489157
-21.39,2476.14,0.37,0.43,4.189654742026425,5.237080057076847,2.6217658325051976
-23.86,2489.05,0.3,1.72,3.9889840465642745,5.230466699639862,2.7555697170701863
-18.2,2468.03,0.31,0.63,4.370080563655481,5.22810947150454,2.542389085201363
-16.4,2473.52,0.31,0.69,4.3776420363560575,5.232230981420177,2.4915511925066687
-18.8,2469.5,0.33,1.41,4.4146148242670336,5.229770824012927,2.481567748522486
-23.07,2433.66,0.35,0.47,4.399989335048054,5.2284312390838705,2.545531271604435
-25.15,2406.44,0.32,0.16,4.293195420967266,5.2284312390838705,2.617395832834079
-23.37,2409.9,0.32,1.52,4.3294166844015844,5.229770824012927,2.6078614738467776
-18.6,2391.06,0.33,0.3,4.5736795188967205,5.2190035598283115,2.4965057856313524
-10.7,2390.06,0.34,1.5,5.142189733836557,5.224401683597868,2.3532782073095637
37.15,2376.42,0.23,1.9,3.740997408376043,5.32510534330442,3.299902663510574
37.12,2345.66,0.23,1.31,3.658677945380815,5.3260298051145725,3.4330189939851112
35.6,2303.0,0.24,3.44,3.685122405236224,5.325737962124029,3.2950958507796098
33.3,2314.0,0.24,4.44,3.8897773964808264,5.326953413084369,3.1937631240531252
18.1,2355.56,0.25,0.27,4.0163830207523885,5.325737962124029,3.0740812399649675
17.4,2391.39,0.21,0.14,3.8426729272933526,5.324472324024888,3.147594622863237
15.9,2429.37,0.18,2.82,3.8958936234982624,5.323205082055815,3.2156706939192525
8.1,2500.52,0.13,0.19,4.091841432003982,5.320567975482857,2.8408313123360287
13.0,2461.62,0.19,1.03,4.09933210373314,5.320567975482857,2.7356653681351832
21.52,2436.0,0.25,0.09,4.1713056033582285,5.319344733740112,2.613006652415316
20.91,2453.54,0.24,1.51,4.061304708143901,5.319344733740112,2.567254391136754
21.52,2473.23,0.21,1.04,3.8264651170664994,5.319344733740112,2.681021528714291
28.66,2478.21,0.2,1.49,3.7106409458954492,5.319099905730565,3.0267463270831603
31.95,2451.01,0.2,0.71,3.695358420211645,5.318904000156425,3.2653776585196206
31.63,2432.0,0.18,2.12,3.671733295278966,5.318561073025079,3.5779478934066544
32.7,2405.97,0.19,0.89,3.440097530619712,5.318316053054725,3.8437441646748516
34.0,2317.0,0.24,2.46,3.4769230921902907,5.3196384482517205,4.1067670822206574
35.0,2249.5,0.25,6.19,3.417726683613366,5.319687392284229,4.036185648048568
34.6,2203.54,0.27,2.16,3.4503049557691834,5.321007976467735,3.735285826928092
36.56,2299.5,0.25,0.92,3.7607348912143643,5.32227800399288,3.4515735889872223
39.34,2420.0,0.25,1.52,4.036008985209137,5.323497665078335,3.2260500286162013
40.21,2387.0,0.26,7.9,3.955274047422461,5.324764536562885,2.995732273553991
40.81,2351.93,0.28,3.39,3.8066624897703196,5.3249106108175575,2.8408313123360287
42.51,2371.87,0.28,1.53,3.8897773964808264,5.326418796658912,2.7447035187502458
41.8,2411.0,0.28,1.34,4.032469158504013,5.324277468217568,2.7087166456453704
40.5,2420.5,0.27,2.3,4.09933210373314,5.323253851838068,2.6905648867611904
40.8,2395.96,0.28,0.91,4.081765780015241,5.328167388516922,2.6946271807700692
40.2,2373.74,0.3,1.86,4.021236090401462,5.326953413084369,2.712706012638404
43.6,2359.09,0.28,1.72,4.0237432550385535,5.322033893165353,2.7356653681351832
47.69,2367.63,0.27,2.19,4.044628969976168,5.324715840402567,2.753023566744941
48.59,2403.24,0.25,0.97,4.09551054886207,5.325007981801082,2.7700855920216627
48.29,2402.09,0.28,1.54,4.0946778400122215,5.326516020906715,2.77757626375082
48.49,2394.0,0.26,0.98,4.09933210373314,5.326661839557179,2.767576180416237
48.79,2383.96,0.26,0.92,4.145987795373939,5.327973251455547,2.7498317351171653
48.99,2361.24,0.28,1.71,4.20200243692861,5.328070324697385,2.717340248009303
50.0,2371.25,0.28,3.14,4.340944189572651,5.328118857784826,2.717340248009303
50.67,2359.09,0.26,0.78,4.560277417097355,5.328167388516922,2.7087166456453704
-37.45,1958.7,0.4,0.52,4.096675177560383,5.521220889057638,1.7011051009599243
-41.9,2220.1,0.32,0.41,3.940416079929364,5.692215838284736,1.8825138324965192
-48.19,2344.45,0.26,0.6,3.931041011263908,5.429301768343455,2.0681277817795625
-57.98,2571.5,0.2,0.55,3.8571443439181565,5.305789381386738,2.4907230351094403
-59.97,2636.7,0.2,0.49,3.8707842574115485,5.301213169660063,2.65745841498615
-65.46,2558.7,0.22,0.82,3.8842406244156944,5.300714491147758,2.8039662579320366
-73.79,2414.6,0.25,0.55,3.9464244321454784,5.3067814449601665,2.9139797716817317
-74.73,2390.4,0.25,1.13,3.9084165098340344,5.311727053457954,2.952302715626655
-73.61,2334.7,0.27,7.08,3.803769419987892,5.315813414164788,2.9322598505984176
-67.71,2307.9,0.26,2.24,3.8520606642554633,5.314338342602215,2.8320361808832013
-49.44,2499.4,0.27,0.34,4.538923540169165,5.300564839088516,2.658859956911438
-42.28,2414.8,0.34,0.6,4.621633912018757,5.31679558779381,2.482403519569882
-47.58,2398.9,0.32,0.72,4.607168188650764,5.320323446810651,2.503073953743449
-45.3,2415.9,0.33,0.52,4.844187086458591,5.307772525318792,2.066862759472976
-34.74,2344.8,0.34,2.55,4.9245689249914415,5.414454604177079,1.506297153514587
-6.95,2166.21,0.53,1.28,3.9972828493789696,5.457455587886334,0.3293037471426003
-12.42,2475.12,0.37,1.22,3.9899095440852173,5.429345628954441,1.095273387402595
-15.5,2504.71,0.28,1.44,4.0163830207523885,5.429915641904784,1.4134230285081433
-21.46,2485.37,0.26,0.88,4.230476736546681,5.4386443666393145,2.386006701133118
-23.46,2466.94,0.29,1.63,4.10082352831981,5.436991761235796,2.67552700939665
-25.21,2459.2,0.3,2.55,4.055430468722875,5.436991761235796,2.725235025856311
-26.6,2461.83,0.29,1.54,4.143769445549624,5.43345996049033,2.712706012638404
-28.61,2473.24,0.3,1.19,4.212423850287702,5.431798757922517,2.725890119230541
-32.25,2457.83,0.29,2.15,4.20663103795066,5.421640582580036,2.7324175575505043
-37.75,2422.21,0.3,1.67,4.168523960396352,5.43372200355424,2.783157673589016
-39.5,2410.39,0.3,2.28,4.200354866721424,5.428819174612195,2.8814431271518632
-39.0,2402.38,0.3,3.6,4.267036570040212,5.428819174612195,2.9139797716817317
-38.0,2378.55,0.3,4.08,4.1420229975388425,5.43153621033426,2.9481164196123277
-37.85,2370.68,0.3,2.3,3.9926809084456005,5.431798757922517,2.990719731730447
-38.74,2363.01,0.29,2.22,3.9685923569160404,5.427721503759297,3.0007198150650303
-40.0,2350.77,0.29,1.98,4.004966751070884,5.422744944923089,3.0223742045004123
-41.9,2351.91,0.31,2.32,4.01204931949527,5.421640582580036,3.0086484988205373
-42.79,2353.19,0.32,4.8,4.01078177745141,5.421640582580036,3.0022112396517002
-44.29,2350.95,0.3,1.81,3.9604321446358335,5.424685665362843,3.0007198150650303
-46.07,2323.77,0.3,1.9,3.8394523125933104,5.424950017481403,3.000222178826843
-45.32,2310.01,0.32,3.74,3.788951007838152,5.424950017481403,3.000222178826843
-44.57,2318.88,0.32,1.66,3.7218305542536223,5.424421243343763,2.982140320034524
-42.95,2338.65,0.31,7.26,3.6838669122903918,5.4006934331649035,2.9780773383152703
-42.81,2342.35,0.31,5.6,3.746676552840153,5.420269477298783,2.9481164196123277
-43.04,2336.36,0.32,2.57,3.7367167835280966,5.415833699975876,2.9418039315284354
-42.68,2339.35,0.32,2.17,3.7333746940004877,5.417210896488447,2.9507349076232554
-42.32,2345.73,0.32,1.59,3.7240052560893107,5.417210896488447,2.962692419475791
-40.57,2353.95,0.32,2.25,3.7450234647319762,5.414454604177079,2.9569914452375605
-38.82,2362.16,0.32,3.37,3.7656089869726097,5.4116460518550396,2.9517803860248084
-38.2,2369.44,0.32,3.86,3.76630335107874,5.409411414053624,2.9481164196123277
-36.82,2382.41,0.3,6.23,3.832113622199844,5.416678013132882,2.9543893100196086
-34.43,2384.71,0.32,2.85,3.991019011654644,5.428248536140067,2.9375733593804587
-24.77,2556.31,0.33,2.08,4.174079530240954,5.434551353871315,2.6034301519721073
-66.38,2395.59,0.26,1.06,3.9398327060674134,5.357057861570636,2.8524391037275145
-64.86,2394.97,0.26,1.22,4.0280266811844525,5.357057861570636,2.7781979610042917
-63.72,2402.66,0.26,1.07,4.04234926710372,5.357057861570636,2.733067964077498
-56.72,2425.57,0.27,0.96,4.07719840338713,5.357057861570636,2.6078614738467776
-51.02,2436.55,0.28,1.95,4.110217911378391,5.357057861570636,2.5764217586237734
-53.0,2420.78,0.25,1.06,3.966511190712216,5.357057861570636,2.6609585935683597
-61.76,2401.46,0.28,1.37,3.993234260852969,5.357057861570636,2.667228206581955
-71.13,2401.8,0.27,1.03,4.128584945376802,5.357057861570636,2.7093826463359885
-71.57,2268.86,0.26,5.02,3.8334126048462345,5.357057861570636,3.3120018028576843
-65.09,2302.03,0.26,2.36,3.4657359027997265,5.357057861570636,3.7539647007698704
-63.57,2343.44,0.25,2.47,3.4916472845842277,5.357057861570636,4.075161742805327
-63.11,2253.5,0.25,4.68,3.5234150143864045,5.357057861570636,4.2189192968037315
-62.72,2158.7,0.28,6.63,3.456316680883235,5.357057861570636,4.350535967582511
-62.47,2136.24,0.31,5.51,3.475376779836407,5.357057861570636,4.358885942232239
-61.44,2302.97,0.27,3.34,3.4660483539817717,5.357057861570636,4.08260930600368
-58.79,2241.43,0.25,1.83,3.3548043420924447,5.357057861570636,3.8255932774297583
-57.69,2214.8,0.29,6.58,3.323956301318708,5.357057861570636,3.928683446321253
-57.19,2205.29,0.3,2.65,3.2744997286161976,5.357057861570636,4.008968211484625
-55.33,2177.72,0.3,7.03,3.0819099697950434,5.357057861570636,4.425325559069029
-53.94,2159.81,0.31,8.44,3.038791763014438,5.357057861570636,4.643525139864555
-53.44,2153.88,0.32,8.6,3.170105660498771,5.357057861570636,4.674789527868148
-52.91,2202.46,0.3,13.69,3.4420193761824107,5.357057861570636,4.440884991680235
-52.55,2232.84,0.3,7.39,3.5773890780805733,5.357057861570636,4.320151230955794
-47.71,2432.82,0.3,2.75,4.040767961318708,5.357057861570636,3.596215769250517
-44.47,2449.24,0.3,1.88,4.234396317669857,5.357057861570636,3.3013770463799443
-38.69,2434.48,0.3,2.99,4.185859671057874,5.357057861570636,2.9811261211646287
-37.94,2438.59,0.29,2.32,4.173001695045377,5.357057861570636,2.8713021951758138
-38.94,2442.7,0.29,2.51,4.187683102652602,5.357057861570636,2.77757626375082
-36.97,2440.33,0.3,2.68,4.237578730308009,5.357057861570636,2.65605490598383
-36.0,2428.63,0.28,2.18,4.156693187286636,5.357057861570636,2.6546494243750947
-35.75,2420.83,0.3,2.03,4.166975253257008,5.357057861570636,2.644044871126298
-35.75,2415.1,0.3,1.79,4.203198967134183,5.357057861570636,2.658859956911438
-35.5,2404.29,0.3,1.87,4.267036570040212,5.3618084643292345,2.6844403354630764
-35.4,2384.54,0.3,1.79,4.259859000699674,5.366583307218125,2.725235025856311
-36.04,2356.37,0.3,3.92,4.098668533702155,5.366583307218125,2.7942278973432626
-36.82,2343.97,0.28,1.5,4.007514986887367,5.366583307218125,2.8425810940598164
-36.7,2329.52,0.3,2.8,3.940416079929364,5.366583307218125,2.91180703861623
-36.42,2332.05,0.3,3.18,3.9223692974822906,5.366583307218125,2.9258461460898246
-35.82,2335.53,0.29,3.37,3.9930498440705193,5.366583307218125,2.9517803860248084
-34.82,2322.47,0.3,2.25,3.9386649363745674,5.366583307218125,2.929592471049446
-35.5,2317.8,0.29,3.21,3.975748696308691,5.375880078495827,2.9079933592459843
-35.5,2316.86,0.3,3.29,4.020698022053802,5.375880078495827,2.914522218128448
-34.25,2324.63,0.3,3.86,4.038655656361512,5.375880078495827,2.8814431271518632
-33.75,2333.5,0.3,2.3,4.092175544937261,5.375880078495827,2.8616292890305104
-33.5,2345.72,0.3,1.8,4.387387240915977,5.375880078495827,2.827905162910489
-32.75,2349.43,0.3,2.58,4.481532545529913,5.375880078495827,2.829087196145044
-32.35,2341.47,0.3,3.62,4.435330406696193,5.375880078495827,2.800325477211381
-32.46,2336.7,0.29,2.97,4.22038966907276,5.375880078495827,2.7837759116303458
-31.81,2333.08,0.28,2.29,4.225811324964407,5.375880078495827,2.7434173449395014
-30.55,2330.4,0.28,2.57,4.237578730308009,5.375880078495827,2.703372611551099
-23.84,2331.52,0.32,2.09,4.382776353564427,5.375880078495827,2.4840729690394228
-25.35,2322.21,0.34,1.82,4.2903224454635405,5.375880078495827,2.4069451083182885
-25.3,2333.35,0.32,2.06,4.22361689792624,5.375880078495827,2.3702437414678603
-23.82,2337.6,0.34,3.34,4.267036570040212,5.375880078495827,2.318458442150336
-65.94,2439.1,0.31,0.45,4.079400114836278,5.2883680356943685,2.343727036325221
-70.7,2433.1,0.3,0.36,4.043577445168448,5.2758161012015234,2.3758355547336385
-73.6,2427.1,0.29,0.37,3.950859029213344,5.29209806673412,2.403334996094189
-82.08,2421.1,0.29,7.67,3.8133070324889884,5.289629738150471,2.4344901638739844
-84.26,2377.9,0.3,1.29,3.7376696182833684,5.279593157549757,2.494031557565001
-84.95,2329.9,0.32,1.17,3.7013019741124933,5.270689199430563,2.558002204858551
-85.94,2265.4,0.32,2.11,3.644143560272545,5.265587541925118,2.6490076604684267
-86.73,2283.6,0.32,4.97,3.644143560272545,5.263052817447726,2.712706012638404
-88.42,2292.6,0.32,2.34,3.70080802497921,5.25525327707701,2.800325477211381
-89.51,2281.8,0.32,1.35,3.6856241613932634,5.244758349453473,2.8419981736119486
-91.68,2298.9,0.33,0.19,3.6876286722122837,5.2574953720277815,2.9678470700644555
-92.08,2293.2,0.33,0.81,3.6951100038645723,5.258744591428213,2.991222118076105
-90.59,2280.6,0.32,0.51,3.7419461750506287,5.262431087983628,3.032064202801381
-87.82,2268.0,0.32,0.35,3.8394523125933104,5.267394133894527,3.068517943279639
-86.04,2261.7,0.31,1.73,3.917010546939185,5.267342562248606,3.0914968955383704
-83.17,2257.4,0.31,1.19,3.980615796893758,5.263363537284508,3.1095072878128356
-73.4,2338.6,0.31,1.6,4.156693187286636,5.27709373009641,3.1095072878128356
-69.41,2395.3,0.31,0.24,4.18418526622189,5.268167389597154,3.100542637906336
-68.91,2386.2,0.32,1.39,4.1705337005796475,5.269454821862936,3.086943153607375
-69.11,2376.0,0.32,0.9,4.154341536128396,5.269454821862936,3.0411835364579085
-73.2,2345.4,0.33,0.87,4.116432158686106,5.268167389597154,2.922085733385692
-77.3,2314.8,0.33,0.11,4.019082077721554,5.268167389597154,2.8213788864092133
-75.3,2294.4,0.32,2.3,4.037774210733707,5.259212646667276,2.7568403652716422
-67.62,2308.2,0.32,2.45,4.149779269110201,5.274536837882633,2.716018370751387
-60.5,2362.8,0.31,1.88,4.28524036598619,5.278318720041347,2.7067159780890733
-56.63,2417.4,0.31,1.74,4.382651439442724,5.283356001407877,2.6973262377392344
-52.57,2499.3,0.32,1.43,4.373364224095228,5.284624039416034,2.6239436918052106
-53.37,2491.1,0.33,1.77,4.299459911016919,5.279593157549757,2.550226115908643
-62.77,2455.7,0.33,1.19,4.163715140146772,5.279593157549757,2.50470927708418
-74.0,2420.3,0.34,0.88,3.9889840465642745,5.279593157549757,2.5416019934645457
-80.69,2384.9,0.33,1.68,3.82319179172153,5.2668782977126565,2.5416019934645457
-82.28,2349.5,0.33,2.77,3.82319179172153,5.2668782977126565,2.5416019934645457
-83.47,2225.0,0.33,1.82,3.9579519373165457,5.264191651818661,2.559550192783766
-85.05,2336.7,0.34,0.92,4.063885354737392,5.26543253921226,2.5687881337687024
-85.94,2364.1,0.35,0.91,4.140273494110501,5.257599533269477,2.5824869781268642
-83.96,2376.8,0.35,0.34,4.191017449482361,5.267858159063328,2.5967461315435356
-81.49,2371.6,0.34,0.27,4.221857882521061,5.265122461690396,2.596000697293587
-73.9,2363.0,0.33,0.34,4.388257184424518,5.258380396944336,2.5952547069568657
-64.06,2404.0,0.31,0.43,4.631032845513819,5.264553736395228,2.580216829592325
-52.97,2449.6,0.31,0.25,4.820442842921731,5.283356001407877,2.4832385926873033
-46.63,2480.0,0.33,0.3,4.912140047347156,5.283356001407877,2.4087452888224363
-39.21,2484.0,0.36,0.69,4.989207346682635,5.283356001407877,2.3115448343655176
-32.67,2461.2,0.4,0.39,4.821490511954176,5.289629738150471,2.179286876649552
-29.12,2447.2,0.47,0.55,4.514588807756853,5.2883680356943685,2.010894999144726
-19.8,2306.27,0.4,0.23,4.022848560517031,5.341903537210958,1.1184149159642893
-26.5,2398.41,0.32,0.39,3.97912074896064,5.288267030694535,1.472472057360943
-29.7,2410.95,0.25,0.37,3.965563772356176,5.263984687467532,1.8991179875485542
-32.1,2419.7,0.25,0.46,3.973494327516247,5.263984687467532,2.372111155642656
-34.2,2426.27,0.26,0.53,3.936910720935925,5.2652775124698366,2.667922410011431
-35.2,2430.25,0.25,1.03,3.913222286003628,5.266517053998239,2.8154087194227095
-36.8,2452.54,0.24,0.15,3.906004933102583,5.2611864682098295,3.018960399673198
-40.1,2480.6,0.23,2.84,3.9415818076696905,5.251906868725373,3.1063787936410545
-45.38,2450.55,0.22,1.74,3.8877303128591016,5.243861180751978,3.1937631240531252
-51.37,2421.89,0.22,1.18,3.762594491936217,5.239787424357633,3.2767673032839784
-56.24,2387.46,0.22,1.53,3.677059877308594,5.23968139106308,3.4151002868311466
-59.51,2358.61,0.22,1.22,3.7054907199191334,5.243649965205728,3.559055466277736
-61.4,2334.33,0.24,0.57,3.799525974201,5.241005999834923,3.702535780561422
-62.5,2263.09,0.28,2.27,3.727378753264546,5.243649965205728,3.8482308723403666
-62.3,2231.24,0.29,1.89,3.5854614949154477,5.243544340700745,3.9774361439763783
-62.3,2250.55,0.29,2.93,3.5130368634176907,5.248654321528936,4.126973081713828
-62.1,2253.93,0.29,2.46,3.537765824444175,5.248549224313916,4.21582445975981
-61.9,2249.95,0.28,1.91,3.5550623063795967,5.245760115809361,4.229749199228304
-61.1,2250.95,0.28,2.19,3.5533460588187404,5.244389024522481,4.206482062158951
-60.7,2255.52,0.29,2.19,3.5499047018233476,5.2457074162757396,4.169142772297287
-60.4,2251.94,0.29,1.28,3.5148236417370144,5.248338996741795,4.089666972670989
-59.41,2236.22,0.3,2.42,3.482470101790892,5.241747015059643,4.0007662152625345
-57.82,2232.24,0.3,3.75,3.4916472845842277,5.2351112906442445,3.9915732841861553
-56.04,2240.6,0.31,0.94,3.487986511734546,5.232444622397328,3.9774361439763783
-54.17,2240.6,0.31,0.44,3.469478889078561,5.233778845410465,3.9678360702473587
-51.99,2219.1,0.31,4.1,3.4544221428994533,5.2351112906442445,3.912023005428146
-48.11,2184.88,0.3,1.17,3.487986511734546,5.240423388129134,3.78781940196884
-46.32,2204.38,0.29,5.71,3.561897992353146,5.243068892317559,3.6399517804905126
-41.46,2292.54,0.27,7.51,3.8205653949393112,5.247024072160486,3.4210000089583352
-37.5,2448.56,0.26,0.58,4.05871738457895,5.25227342804663,3.2402458506043934
-33.4,2500.5,0.27,0.27,4.251633170740286,5.257339109819479,3.055886196373738
-30.2,2440.0,0.3,0.25,4.31748811353631,5.255775143282362,2.7930039069823738
-31.0,2449.55,0.33,0.6,4.285102653392156,5.252953824796506,2.695977619867941
-30.7,2460.9,0.33,0.61,4.301358731606427,5.251487779191239,2.6354795082673745
-29.11,2438.41,0.32,0.81,4.3254562831854875,5.25274452125328,2.5982353350950036
-28.12,2426.07,0.31,1.6,4.347305781945493,5.257911951912998,2.5847519847577165
-27.13,2406.57,0.31,1.33,4.3815265096322,5.264346846976883,2.565718292524414
-26.63,2393.63,0.31,1.4,4.3703335360828355,5.269454821862936,2.556451816951096
-25.35,2405.97,0.31,1.11,4.411099882159589,5.270637797441294,2.5384474167160302
-24.55,2400.6,0.3,0.69,4.493232532747227,5.268012786283181,2.551786178627545
-25.05,2387.07,0.31,1.1,4.462684537691336,5.26279381047899,2.570319527636131
-25.94,2352.44,0.33,1.9,4.3815265096322,5.247024072160486,2.5610957881455465
-25.64,2335.92,0.33,1.57,4.375631227585021,5.249652194566756,2.551786178627545
-22.18,2367.76,0.34,1.01,4.459219130503787,5.260096153727839,2.533696813957432
-18.4,2372.34,0.35,0.78,4.484583222998974,5.274280788719795,2.4501426573516603
-25.5,2408.32,0.3,0.18,3.956613888756021,5.27556037942542,1.7783364488959144
-48.08,2509.5,0.18,1.25,3.7483269127573564,5.278114659230517,2.5900171341906173
-53.76,2489.09,0.19,0.25,3.7157647828953184,5.279338399950234,2.731115474033206
-58.81,2440.93,0.21,0.45,3.659193143743576,5.280357041171044,2.8713021951758138
-60.3,2368.67,0.25,1.13,3.7945899085360506,5.274895196603544,3.0339909856710814
-60.3,2337.0,0.25,2.73,3.826900752011311,5.270843389547282,3.0699116717282426
-60.5,2305.0,0.24,3.56,3.7062280924485496,5.264398573344411,3.1063787936410545
-60.2,2278.5,0.24,1.57,3.6189933266497696,5.264553736395228,3.138533072185662
-59.4,2293.5,0.25,9.35,3.590990953294811,5.2711516984752675,3.134189016701007
-58.2,2318.5,0.26,0.75,3.6704608685899185,5.281578042543739,3.1018924693823817
-56.3,2318.5,0.26,0.32,3.7549012496559335,5.291896798745114,3.0740812399649675
-51.2,2318.5,0.27,1.42,3.8828001467512427,5.290789100127245,2.8864752876170416
-30.9,2424.04,0.17,0.86,4.314149212270796,5.345487171024427,2.1736147116970854
-37.2,2416.56,0.21,0.48,4.141228148120951,5.345487171024427,2.248128907197987
-54.75,2276.0,0.27,1.94,3.3282682016393976,5.346726505755724,2.3711778844596574
-58.18,2206.6,0.25,9.48,3.2180755046974316,5.344389554650419,2.468099531471619
-57.98,2229.06,0.22,9.62,3.7314599016490546,5.3431951253261225,2.5687881337687024
-58.38,2283.5,0.19,5.28,3.8526975393433314,5.339651230041014,2.7206373166076814
-51.82,2292.0,0.13,7.21,3.7300213974451113,5.33729766618892,2.7298116928837226
-43.5,2371.6,0.09,7.51,3.86094021519883,5.336142876088017,2.7206373166076814
-49.2,2518.0,0.16,2.52,3.9386649363745674,5.336191018976118,2.8075938314384716
-53.23,2417.85,0.21,1.37,3.4913427315135013,5.336239159546593,3.005187432324746
-60.7,2321.5,0.26,0.62,3.133317936506554,5.337441921232086,3.0601145324832593
-62.0,2260.0,0.26,0.98,2.994231147427724,5.338643238019602,3.0878555624297968
-61.2,2219.76,0.22,2.97,2.9564715596006885,5.332670482919699,3.078693794268338
-58.69,2223.73,0.18,2.94,2.97092715463502,5.332670482919699,3.0601145324832593
-48.8,2275.0,0.14,2.69,3.1072736482868986,5.335131339670753,2.9543893100196086
-40.41,2377.78,0.11,0.49,3.4210000089583352,5.337538079701318,2.8124102164264526
-56.1,2401.5,0.17,0.82,3.2786530289040616,5.338739281046952,2.5824869781268642
-54.3,2349.0,0.12,0.37,3.4031953843248286,5.338739281046952,2.477378383367209
20.35,2202.03,0.3,0.36,3.8910036382040705,5.315174483614459,1.1474024528375417
19.07,2481.05,0.27,0.79,3.6975913947159578,5.301312875527835,1.3270750014599193
17.39,2412.94,0.3,0.38,3.82319179172153,5.302060352826871,1.423108334242607
13.16,2302.63,0.35,0.24,4.162626069638506,5.354839466872362,1.5238800240724537
6.47,2339.35,0.33,0.28,4.168523960396352,5.307029307150058,1.6524974018945473
3.99,2363.12,0.31,0.27,4.086312390524837,5.325348705599067,1.8229350866965048
-0.3,2368.14,0.3,0.3,4.026600910135581,5.31049294247817,1.9416152247724325
-11.51,2372.32,0.29,0.51,3.9939715880753135,5.281018601969707,2.136530508663963
-22.58,2368.8,0.29,0.23,3.984529696214894,5.2749463802247964,2.286455711064162
-26.24,2363.84,0.28,0.25,3.907010463604602,5.276020631549426,2.3933394562625097
-31.93,2341.7,0.27,1.71,3.758638698528789,5.279236478735244,2.5352828571130672
-42.51,2306.61,0.27,6.05,3.585738695194423,5.283558995572491,2.6769034721053733
-34.24,2282.64,0.25,7.43,3.5672766323546874,5.28776185260852,2.770711962226921
-33.05,2415.68,0.25,0.23,3.8181517898180757,5.287862908644177,2.5915163848462583
-40.25,2434.8,0.26,0.96,3.9589065913269965,5.288267030694535,2.543175557911976
-33.19,2359.52,0.27,0.32,4.089332020398556,5.286801310586789,2.611539300721366
-25.58,2321.9,0.28,0.62,4.0746519288763645,5.28492812942902,2.731766727719526
-25.61,2333.75,0.26,3.89,4.179757440070231,5.280153395920365,2.8361502037295256
-27.46,2376.14,0.27,0.42,4.3130784050476105,5.2808150914118945,2.7376090033437546
-17.5,2429.5,0.49,0.72,3.4541060373175574,5.308168682598411,0.9516578757114463
-23.58,2405.5,0.35,0.67,3.5610460826040513,5.300814246746624,1.1969481893889715
-26.56,2387.13,0.31,2.17,3.6459719531026598,5.300814246746624,1.3686394258811698
-29.56,2387.13,0.28,2.37,3.7242465979512276,5.300814246746624,1.5810384379124025
-31.58,2567.0,0.21,0.81,3.8522730010223722,5.302060352826871,2.307572634505085
-40.9,2499.0,0.23,0.46,3.883623530906448,5.308168682598411,2.6468837658647226
-50.7,2448.5,0.26,1.07,3.8099902798629945,5.289528860514958,2.5900171341906173
-55.9,2366.83,0.28,1.34,3.6876286722122837,5.289528860514958,2.561867690924129
-57.7,2335.0,0.29,3.1,3.6951100038645723,5.289528860514958,2.5289235352047745
-56.7,2378.71,0.3,3.8,3.749033376933683,5.289528860514958,2.4915511925066687
-54.4,2418.5,0.31,0.67,3.7419461750506287,5.289528860514958,2.4672517145492794
-53.0,2433.5,0.32,1.88,3.8264651170664994,5.289528860514958,2.453587966530573
-50.5,2402.5,0.33,1.83,3.892840186011372,5.27556037942542,2.4203681286504293
-77.0,2334.0,0.33,1.17,3.6876286722122837,5.294560317670324,2.3832429960115
-71.3,2319.0,0.33,0.42,3.6573887870225654,5.294560317670324,2.401525040848949
-67.82,2332.0,0.34,1.22,3.5942940116240685,5.29461050461671,2.4344901638739844
-64.26,2375.74,0.33,1.06,3.6573887870225654,5.29461050461671,2.4672517145492794
-61.98,2397.53,0.33,1.89,3.7386215460087504,5.29586436038697,2.481567748522486
-59.6,2412.0,0.34,1.45,3.797285327957723,5.298317366548036,2.481567748522486
-56.1,2434.0,0.34,2.34,3.881151341761059,5.300814246746624,2.481567748522486
-26.24,2430.5,0.34,0.66,4.55650501400681,5.371800143307841,2.0844290831908747
-24.36,2392.08,0.34,0.56,4.593603549616626,5.422700793838069,1.8809906029559975
-22.08,2394.55,0.36,0.5,4.843399374720342,5.500441550638171,1.763017000362401
-20.59,2398.52,0.38,0.6,4.4779048349422155,5.471724305952417,1.6937790608678513
-19.7,2296.0,0.38,0.59,4.303524406518924,5.543222409643759,1.6272778305624314
-19.7,2301.0,0.39,0.76,4.299459911016919,5.526448459373285,1.6193882432872684
-19.8,2398.52,0.39,1.1,4.295515132725903,5.515523325195493,1.6054298910365616
-19.7,2420.5,0.4,0.56,4.285515734293038,5.634611015794902,1.5282278570085572
-18.91,2346.5,0.41,0.67,4.311067545733388,5.616771097666572,1.4861396960896067
-19.6,2318.5,0.42,0.47,4.3134800921387715,5.654031849391645,1.4398351280479205
-17.1,2344.0,0.45,0.63,4.307303088477945,5.536349530355997,1.0681530811834012
-16.6,2296.0,0.45,1.27,4.30932152420325,5.617679775602789,1.0367368849500223
-16.5,2272.5,0.45,1.11,4.339249605317823,5.506509703409034,1.0152306797290584
-16.6,2345.0,0.44,0.32,4.356708826689592,5.46649773978696,0.9932517730102834
-16.5,2343.5,0.45,1.18,4.354783898280007,5.4116460518550396,1.0043016091968684
-16.7,2330.0,0.46,0.87,4.360547602996758,5.461286194826176,1.0367368849500223
-17.4,2351.49,0.46,0.56,4.410978456623649,5.425962720383707,1.0885619528146082
-18.1,2285.0,0.44,1.66,4.383275854074314,5.465482983452789,1.1908875647772805
-19.7,2242.0,0.46,1.61,4.3294166844015844,5.481055503227208,1.275362800412609
-20.99,2246.5,0.44,0.48,4.323470185213858,5.435728722370997,1.3297240096314962
-18.69,2383.0,0.27,5.79,4.218624962732438,5.298317366548036,2.9590682891823996
-20.2,2352.0,0.28,5.61,4.199004832765533,5.29841736154837,2.9269179575536315
-22.21,2332.0,0.28,5.17,4.096841442420688,5.298767265328402,2.9128939952449864
-24.43,2305.0,0.27,7.72,3.914220588971633,5.299117046718601,2.9590682891823996
-26.35,2295.5,0.27,0.71,3.949318790171843,5.299366815683608,2.982140320034524
-27.88,2332.0,0.28,6.92,4.002229273314295,5.299566585948469,3.0096351787229825
-29.6,2294.5,0.29,0.71,3.822973188594635,5.298317366548036,3.041661205442391
-30.5,2262.0,0.29,7.72,3.786913194385302,5.298317366548036,3.055886196373738
-31.1,2256.5,0.29,0.71,3.7835075831927187,5.298317366548036,3.064791809485486
-31.3,2264.0,0.28,6.25,3.7800903341673204,5.298317366548036,3.0740812399649675
-31.7,2313.0,0.28,4.04,3.864302269216734,5.298317366548036,3.051166980442092
-31.5,2331.5,0.28,7.98,3.942358205224219,5.298317366548036,3.0325462466767075
-31.3,2350.0,0.28,7.72,3.9983841710761894,5.298317366548036,3.0233474405869645
-30.3,2384.5,0.29,1.48,4.106602459617603,5.2934053221870165,2.982140320034524
-29.9,2388.0,0.29,0.82,4.104129862956897,5.2921986855398595,2.968361076757859
-28.99,2395.0,0.29,0.87,4.081934542145419,5.2921986855398595,2.9407479652212314
-27.27,2394.5,0.29,2.82,4.128101659020234,5.2924501882699895,2.89977188240808
-25.25,2390.0,0.28,1.15,4.19010918420648,5.292701627762401,2.8678989020441064
-24.24,2387.5,0.28,0.73,4.214347354616797,5.294058309627653,2.8449093838194073
-23.23,2386.0,0.28,1.77,4.214347354616797,5.294208938503494,2.826721730819709
-22.42,2381.0,0.28,0.73,4.176692303570854,5.295663849082473,2.799717389628034
-22.42,2387.5,0.27,0.73,4.19675071805349,5.297066584646384,2.75429745226753
-21.72,2420.0,0.27,1.77,4.341465022917759,5.297066584646384,2.7265447837383743
-19.8,2446.5,0.28,0.99,4.46900676117522,5.298317366548036,2.6946271807700692
-21.52,2378.0,0.29,2.12,4.355425952876702,5.303205400620812,2.7226103524335397
-22.32,2362.0,0.29,0.55,4.359781025726562,5.298317366548036,2.7644305345383176
-22.32,2378.0,0.29,1.04,4.365643155423357,5.297066584646384,2.7738379416402132
-22.32,2384.0,0.29,0.98,4.375882799913392,5.288620503569173,2.7750856024383683
-22.42,2390.0,0.29,0.99,4.373994462976618,5.287509167831433,2.7656899805486246
-22.63,2396.0,0.3,1.06,4.398391988760146,5.286396595652343,2.756205242989257
-22.42,2380.0,0.32,0.99,4.575020209037208,5.289327074709904,2.7140322727797574
-21.92,2382.0,0.32,0.6,4.694919478131699,5.29209806673412,2.6864860231863696
-24.55,2312.5,0.3,0.99,4.199004832765533,5.2668782977126565,2.783157673589016
-26.94,2285.5,0.28,1.43,4.055257173514054,5.263208189434469,2.935451342669061
-27.33,2277.5,0.28,2.2,4.073631520624559,5.264553736395228,2.963209081848431
-27.32,2283.0,0.28,0.91,4.078892457663179,5.265845826401074,2.963209081848431
-26.6,2306.5,0.29,1.06,4.081934542145419,5.265949121515307,2.8986705607108596
-26.4,2309.5,0.29,0.79,4.099166252501314,5.265949121515307,2.8524391037275145
-26.6,2298.5,0.28,1.06,4.158414223462046,5.263415314538772,2.8015405441895487
-26.1,2317.5,0.27,1.29,4.0943445622221,5.260875071072166,2.7880929087757464
-25.8,2322.0,0.27,0.69,4.079400114836278,5.262120078236149,2.7788192719904172
-24.79,2336.5,0.27,1.29,4.156223299267966,5.2749463802247964,2.731766727719526
