UWI,FM_TOP,DEPTH,GR,SP,CALX,RHOB,DPSS,NPSS,ILD,ILM,SFL,DT,FZI_CALC
102081000505W400,LMNV,1112.10,46.32,-39.50,212.37,2378.71,0.17,0.31,4.24,4.24,5.89,,2.21
102081000505W400,LMNV,1112.20,46.90,-42.00,212.85,2378.71,0.17,0.31,4.61,4.65,6.44,,0.64
102081000505W400,LMNV,1112.60,55.67,-48.60,210.07,2405.00,0.14,0.36,6.26,6.38,7.16,,4.04
102081000505W400,LMNV,1112.70,56.26,-50.40,206.31,2425.50,0.14,0.35,6.59,6.84,7.20,,0.50
102081000505W400,SBRS,1115.20,56.96,-67.49,204.46,2312.50,0.23,0.25,14.71,19.37,19.28,,3.24
102081000505W400,SBRS,1115.30,48.10,-71.17,204.44,2269.50,0.24,0.25,15.69,21.24,24.72,,2.30
102081000505W400,SBRS,1115.60,30.89,-76.72,204.61,2203.03,0.27,0.26,18.76,27.61,52.09,,9.07
102081000505W400,SBRS,1115.80,49.52,-78.11,204.81,2201.01,0.27,0.27,21.14,29.05,69.92,,7.83
102081000505W400,SBRS,1115.90,49.51,-78.60,205.03,2201.01,0.27,0.28,21.93,29.32,68.66,,4.62
102081000505W400,SBRS,1116.10,44.55,-80.00,205.00,2222.22,0.26,0.28,22.55,29.05,50.92,,3.08
102081000505W400,SBRS,1116.30,40.10,-79.80,205.25,2237.88,0.25,0.27,21.33,28.39,39.10,,6.37
102081000505W400,SBRS,1116.50,43.07,-78.60,205.50,2262.50,0.23,0.25,19.02,25.53,34.41,,5.73
102081000505W400,SBRS,1116.70,43.66,-76.50,205.50,2296.50,0.21,0.24,16.07,22.55,30.00,,2.81
102081000505W400,SBRS,1116.90,42.03,-71.50,205.75,2337.00,0.19,0.24,14.47,19.46,23.83,,0.69
102081000505W400,SBRS,1117.10,52.80,-65.70,206.00,2378.22,0.17,0.25,13.39,15.35,19.46,,0.37
102081000505W400,SBRS,1117.40,55.65,-57.43,206.25,2434.50,0.13,0.26,11.84,12.97,13.57,,0.27
102081000505W400,LMNV,1112.10,46.32,-39.50,212.37,2378.71,0.17,0.31,4.24,4.24,5.89,,2.21
102081000505W400,LMNV,1112.20,46.90,-42.00,212.85,2378.71,0.17,0.31,4.61,4.65,6.44,,0.64
102081000505W400,LMNV,1112.60,55.67,-48.60,210.07,2405.00,0.14,0.36,6.26,6.38,7.16,,4.04
102081000505W400,LMNV,1112.70,56.26,-50.40,206.31,2425.50,0.14,0.35,6.59,6.84,7.20,,0.50
102081000505W400,SBRS,1115.20,56.96,-67.49,204.46,2312.50,0.23,0.25,14.71,19.37,19.28,,3.24
102081000505W400,SBRS,1115.30,48.10,-71.17,204.44,2269.50,0.24,0.25,15.69,21.24,24.72,,2.30
102081000505W400,SBRS,1115.60,30.89,-76.72,204.61,2203.03,0.27,0.26,18.76,27.61,52.09,,9.07
102081000505W400,SBRS,1115.80,49.52,-78.11,204.81,2201.01,0.27,0.27,21.14,29.05,69.92,,7.83
102081000505W400,SBRS,1115.90,49.51,-78.60,205.03,2201.01,0.27,0.28,21.93,29.32,68.66,,4.62
102081000505W400,SBRS,1116.10,44.55,-80.00,205.00,2222.22,0.26,0.28,22.55,29.05,50.92,,3.08
102081000505W400,SBRS,1116.30,40.10,-79.80,205.25,2237.88,0.25,0.27,21.33,28.39,39.10,,6.37
102081000505W400,SBRS,1116.50,43.07,-78.60,205.50,2262.50,0.23,0.25,19.02,25.53,34.41,,5.73
102081000505W400,SBRS,1116.70,43.66,-76.50,205.50,2296.50,0.21,0.24,16.07,22.55,30.00,,2.81
102081000505W400,SBRS,1116.90,42.03,-71.50,205.75,2337.00,0.19,0.24,14.47,19.46,23.83,,0.69
102081000505W400,SBRS,1117.10,52.80,-65.70,206.00,2378.22,0.17,0.25,13.39,15.35,19.46,,0.37
102081000505W400,SBRS,1117.40,55.65,-57.43,206.25,2434.50,0.13,0.26,11.84,12.97,13.57,,0.27
100162100505W400,LMNV,1073.30,59.03,-39.86,227.51,2502.74,0.09,0.29,9.35,9.94,8.73,256.10,3.11
100162100505W400,LMNV,1073.60,54.23,-40.48,224.30,2491.74,0.09,0.30,10.51,11.03,9.86,258.39,4.21
100162100505W400,LMNV,1073.90,56.35,-40.31,224.07,2499.96,0.10,0.30,11.33,11.70,9.65,262.04,3.91
100162100505W400,LMNV,1074.30,62.43,-40.37,224.67,2515.93,0.09,0.30,12.23,12.60,10.41,262.64,2.03
100162100505W400,LMNV,1074.60,66.65,-41.40,224.26,2547.60,0.07,0.29,13.14,13.61,11.43,262.44,12.53
100162100505W400,LMNV,1074.90,67.29,-43.36,223.72,2549.93,0.06,0.28,14.41,14.90,12.11,263.53,3.42
100162100505W400,SBRS,1075.40,62.12,-52.23,222.31,2492.14,0.09,0.27,18.77,19.93,14.53,257.48,6.64
100162100505W400,SBRS,1075.70,54.43,-63.21,220.09,2443.54,0.11,0.26,22.27,24.73,21.23,250.89,3.50
100162100505W400,SBRS,1075.90,48.62,-68.83,218.60,2418.17,0.13,0.25,24.04,26.41,26.64,254.14,1.80
100162100505W400,SBRS,1076.20,44.15,-73.32,217.10,2408.71,0.14,0.26,26.40,27.14,25.87,269.50,5.82
100162100505W400,SBRS,1076.70,53.99,-69.44,217.69,2417.54,0.14,0.29,25.35,25.01,20.18,283.62,7.04
100162100505W400,SBRS,1077.00,53.88,-66.92,213.93,2426.63,0.14,0.29,23.09,23.37,20.52,286.45,6.26
100162100505W400,SBRS,1077.30,53.47,-65.18,212.40,2451.71,0.13,0.26,21.77,22.30,20.13,284.81,2.56
100162100505W400,SBRS,1077.70,55.20,-62.33,216.37,2466.28,0.11,0.26,19.70,19.74,18.19,281.35,3.00
100162100505W400,SBRS,1078.20,62.97,-64.91,218.24,2444.15,0.12,0.26,17.57,17.48,15.47,278.58,1.96
100162100505W400,SBRS,1078.50,58.47,-69.27,219.08,2418.66,0.13,0.26,16.84,16.99,15.61,282.01,1.06
100162100505W400,SBRS,1078.70,54.96,-70.33,218.99,2410.06,0.14,0.26,16.75,17.02,15.90,283.81,2.07
100162100505W400,SBRS,1079.10,56.16,-67.48,218.02,2405.41,0.15,0.26,17.09,17.54,16.05,286.30,2.84
100162100505W400,SBRS,1079.40,53.60,-63.54,217.70,2401.92,0.15,0.27,17.36,17.88,16.31,287.50,3.84
100162100505W400,SBRS,1079.90,51.48,-58.02,217.43,2415.89,0.14,0.28,17.03,17.21,16.49,289.83,8.15
100162100505W400,SBRS,1080.30,54.53,-54.59,219.03,2421.25,0.14,0.28,16.09,15.79,14.58,288.47,2.72
100162100505W400,SWFT,1080.80,62.83,-52.41,220.75,2407.47,0.15,0.28,15.11,15.02,13.75,288.20,3.24
100162100505W400,SWFT,1081.40,68.12,-52.57,219.94,2398.44,0.16,0.27,14.55,14.69,13.73,292.77,2.25
100162100505W400,SWFT,1082.30,74.63,-55.62,217.64,2393.70,0.15,0.29,13.77,13.67,13.10,300.94,2.09
100162100505W400,SWFT,1082.60,94.07,-52.65,218.22,2396.54,0.15,0.29,13.55,13.63,12.94,298.45,1.58
100162100505W400,SWFT,1082.90,98.77,-50.93,218.37,2406.97,0.15,0.28,13.27,13.42,13.42,295.73,2.33
100162100505W400,SWFT,1083.30,81.86,-47.16,219.41,2399.26,0.15,0.28,12.94,12.85,12.64,297.17,1.70
100162100505W400,SWFT,1083.80,75.98,-45.55,219.90,2380.21,0.16,0.31,12.46,12.42,11.70,301.36,2.01
100162100505W400,SWFT,1084.10,76.75,-47.71,217.96,2378.95,0.16,0.30,12.07,12.28,11.86,303.32,3.28
100162100505W400,SWFT,1084.40,77.70,-48.63,216.68,2385.11,0.16,0.29,11.79,11.97,12.17,303.47,1.55
100162100505W400,SWFT,1084.90,77.67,-45.12,218.54,2397.26,0.15,0.30,11.16,11.12,11.09,304.24,1.03
100162100505W400,SWFT,1085.30,76.83,-43.08,218.29,2389.96,0.15,0.30,10.46,10.41,10.76,305.40,1.75
100162100505W400,SWFT,1085.60,78.54,-41.98,218.58,2385.51,0.16,0.29,9.98,9.94,10.31,310.14,2.40
100162100505W400,SWFT,1085.90,83.92,-41.76,219.06,2391.55,0.16,0.31,9.84,9.79,10.08,312.33,2.14
100162100505W400,SWFT,1086.40,81.89,-43.13,219.30,2398.21,0.15,0.28,10.07,10.30,10.09,307.77,1.76
100162100505W400,SWFT,1086.90,72.61,-48.38,218.58,2395.19,0.15,0.29,10.60,10.96,11.42,303.08,3.36
100162100505W400,SWFT,1087.30,72.83,-48.03,217.24,2390.61,0.16,0.28,10.65,10.69,11.26,306.19,4.49
100162100505W400,SWFT,1087.60,79.24,-45.99,216.18,2384.99,0.16,0.28,10.32,10.09,10.34,311.23,0.96
100162100505W400,SWFT,1087.90,83.40,-44.34,215.88,2385.81,0.15,0.28,10.02,9.90,9.46,313.36,2.72
100162100505W400,SWFT,1088.20,81.41,-44.66,215.85,2394.65,0.15,0.31,9.78,9.88,9.89,311.90,1.71
100162100505W400,SWFT,1088.50,81.84,-44.95,217.03,2405.28,0.15,0.28,9.76,10.05,10.21,307.83,1.58
100162100505W400,SWFT,1088.80,82.43,-45.82,217.28,2405.67,0.15,0.28,9.80,10.07,10.45,304.93,1.48
100162100505W400,SWFT,1089.10,78.92,-45.39,217.40,2409.14,0.14,0.29,9.64,9.76,10.44,304.51,1.16
100162100505W400,SWFT,1089.40,81.03,-43.27,217.91,2402.54,0.15,0.29,9.32,9.38,9.79,307.09,3.85
100162100505W400,SWFT,1089.80,84.24,-41.26,218.20,2403.78,0.15,0.30,8.84,8.77,9.35,312.27,2.42
100162100505W400,SWFT,1090.20,85.22,-41.00,218.32,2411.05,0.15,0.30,8.72,8.75,8.60,316.10,0.35
100162100505W400,SWFT,1090.40,85.72,-42.16,218.02,2418.69,0.14,0.30,8.75,8.89,8.95,312.79,0.37
100162100505W400,SWFT,1090.70,82.53,-44.19,217.31,2414.12,0.14,0.30,8.84,9.16,9.77,308.95,0.51
100162100505W400,SWFT,1091.00,78.63,-44.68,217.93,2410.73,0.14,0.29,8.95,9.24,9.68,310.30,0.71
100161100505W400,LMNV,1108.80,51.09,-52.28,195.65,2586.50,0.04,0.27,9.26,11.33,19.54,,0.49
100161100505W400,LMNV,1109.10,49.31,-61.20,195.65,2528.47,0.07,0.25,15.51,16.55,21.91,,0.49
100161100505W400,LMNV,1109.30,48.69,-65.19,195.65,2500.37,0.09,0.24,15.51,17.98,21.61,,0.51
100161100505W400,LMNV,1109.50,53.59,-68.76,195.55,2471.12,0.11,0.24,15.51,17.09,19.10,,0.43
100161100505W400,LMNV,1109.60,58.06,-70.34,195.45,2455.02,0.11,0.25,15.44,17.01,16.40,,0.54
100161100505W400,LMNV,1109.80,74.31,-73.92,195.45,2454.01,0.12,0.26,15.23,17.01,13.26,,0.51
100161100505W400,LMNV,1110.00,90.00,-76.90,195.45,2468.51,0.11,0.28,15.09,16.86,13.07,,0.60
100161100505W400,LMNV,1110.30,93.27,-82.28,195.45,2449.00,0.12,0.29,14.81,16.32,16.55,,0.60
100161100505W400,LMNV,1110.50,84.60,-86.14,195.45,2421.50,0.13,0.28,14.74,16.10,17.90,,0.77
100161100505W400,LMNV,1110.70,72.46,-88.52,195.45,2396.01,0.15,0.27,14.60,15.87,18.22,,0.85
100161100505W400,LMNV,1110.90,67.22,-89.70,195.45,2385.02,0.16,0.27,14.59,15.71,17.47,,0.73
100161100505W400,SBRS,1111.30,63.30,-90.90,195.45,2367.50,0.17,0.31,14.58,15.62,16.51,,0.78
100161100505W400,SBRS,1111.60,50.05,-90.90,195.65,2315.35,0.20,0.32,14.64,15.61,18.08,,0.43
100161100505W400,SBRS,1112.80,67.65,-74.00,195.45,2446.15,0.12,0.28,16.42,17.67,14.71,,0.76
100161100505W400,SBRS,1113.00,67.95,-77.10,195.45,2450.02,0.12,0.29,17.35,19.02,18.58,,0.62
100161100505W400,SBRS,1113.40,52.87,-85.35,195.45,2309.00,0.20,0.32,20.66,22.03,26.01,,2.78
100161100505W400,SBRS,1114.40,37.18,-87.22,195.45,2238.46,0.25,0.32,22.13,24.72,25.07,,1.73
100161100505W400,SBRS,1114.60,38.66,-84.23,195.45,2254.00,0.24,0.32,20.28,22.65,27.11,,2.37
100161100505W400,SBRS,1115.00,58.35,-72.48,195.45,2348.04,0.18,0.28,17.43,18.16,18.41,,0.29
100161100505W400,SBRS,1115.30,78.45,-60.80,195.45,2531.00,0.08,0.26,15.61,15.83,12.24,,0.35
100161100505W400,SBRS,1115.60,89.70,-52.97,195.45,2542.00,0.06,0.30,13.98,14.37,11.59,,0.16
100161100505W400,SBRS,1116.20,76.65,-56.24,195.45,2478.42,0.11,0.30,14.46,15.63,15.41,,3.46
100161100505W400,SBRS,1116.40,68.55,-63.30,195.25,2449.82,0.12,0.29,14.87,16.14,19.64,,0.70
100161100505W400,SBRS,1116.60,59.41,-70.10,195.45,2422.22,0.14,0.28,15.49,16.74,19.02,,3.03
100161100505W400,SBRS,1116.90,58.81,-76.73,195.45,2405.58,0.15,0.28,16.45,17.21,17.69,,2.23
100161100505W400,SBRS,1117.50,44.40,-78.91,195.25,2307.96,0.21,0.30,16.76,18.43,24.38,,0.29
100161100505W400,SBRS,1117.70,44.10,-81.00,195.25,2293.50,0.22,0.31,16.69,17.63,21.25,,0.81
100161100505W400,SBRS,1117.90,48.12,-84.00,195.25,2314.87,0.20,0.31,16.71,17.40,18.21,,1.33
100161100505W400,SBRS,1118.50,51.39,-86.80,195.65,2325.51,0.20,0.29,18.25,19.37,20.94,,1.70
100161100505W400,SBRS,1119.20,51.68,-86.20,195.45,2284.94,0.22,0.30,19.55,21.43,22.34,,1.46
100161100505W400,SWFT,1120.00,56.14,-78.91,195.85,2328.51,0.20,0.28,16.07,17.21,18.17,,0.93
100161100505W400,SWFT,1120.60,86.55,-64.80,195.85,2442.27,0.12,0.30,12.97,13.39,13.70,,0.92
100161100505W400,SWFT,1121.30,108.45,-61.30,198.23,2462.09,0.12,0.32,10.42,11.11,10.32,,0.60
100131200505W400,SBRS,1116.30,56.99,-64.50,,2269.63,0.24,0.31,14.27,15.64,29.73,293.18,0.77
100131200505W400,SBRS,1116.40,52.40,-64.95,,2268.14,0.23,0.31,14.80,16.36,30.00,289.79,3.73
100131200505W400,SBRS,1116.50,49.15,-64.95,,2289.65,0.21,0.30,15.35,16.97,29.32,286.71,2.59
100131200505W400,SBRS,1116.70,44.57,-63.75,,2324.92,0.18,0.29,15.85,17.28,26.25,282.68,1.88
100131200505W400,SBRS,1116.80,43.25,-63.00,,2346.22,0.17,0.28,15.85,17.13,24.38,281.72,1.12
100131200505W400,SBRS,1117.10,45.08,-60.75,,2414.56,0.14,0.28,15.64,16.36,16.51,291.74,1.54
100131200505W400,SBRS,1117.20,45.57,-60.90,,2418.53,0.14,0.29,15.35,16.36,16.36,294.05,0.81
100131200505W400,SBRS,1117.30,45.83,-61.20,,2427.45,0.17,0.30,15.21,16.36,16.97,292.94,0.86
100131200505W400,SBRS,1117.40,46.10,-61.80,,2384.24,0.18,0.31,15.14,16.36,19.20,291.83,3.70
100131200505W400,SBRS,1117.50,46.85,-62.55,,2354.75,0.19,0.31,15.21,16.36,21.14,290.72,3.12
100131200505W400,SBRS,1117.90,52.02,-63.30,,2432.46,0.13,0.29,15.42,16.36,17.28,289.53,1.54
100131200505W400,SBRS,1118.00,54.05,-64.35,,2430.99,0.13,0.30,15.49,16.36,16.51,291.03,1.89
100131200505W400,SBRS,1118.10,54.31,-66.00,,2402.78,0.16,0.30,15.49,16.36,18.34,291.82,2.35
100131200505W400,SBRS,1118.20,54.57,-67.35,,2374.32,0.18,0.30,15.49,16.36,20.28,292.61,1.95
100131200505W400,SBRS,1118.30,52.48,-68.55,,2353.83,0.18,0.29,15.49,16.36,22.03,292.51,1.38
100131200505W400,SBRS,1118.40,50.39,-68.85,,2353.84,0.19,0.29,15.35,16.22,24.16,292.41,2.20
100131200505W400,SBRS,1118.50,48.76,-68.85,,2363.35,0.18,0.30,15.21,16.07,25.18,291.43,0.46
100131200505W400,SBRS,1118.80,46.22,-65.25,,2413.24,0.15,0.30,14.80,15.64,19.73,288.33,0.28
100131200505W400,SBRS,1119.30,55.21,-56.96,,2421.22,0.15,0.33,14.02,14.68,15.15,293.10,0.10
100131200505W400,SBRS,1119.50,57.89,-55.73,,2400.44,0.16,0.33,13.84,14.49,14.29,296.72,3.11
100131200505W400,SBRS,1119.60,59.18,-55.72,,2387.96,0.17,0.33,13.84,14.49,14.16,298.54,0.15
100112700505W400,SBRS,1088.60,33.18,-7.29,204.88,2284.67,0.22,0.28,23.11,29.31,24.29,291.84,3.21
100112700505W400,SBRS,1088.80,33.01,-7.31,203.13,2280.23,0.22,0.27,23.15,27.86,24.31,292.39,2.09
100112700505W400,SBRS,1089.00,33.03,-7.11,202.88,2284.08,0.22,0.27,22.65,26.89,23.11,292.41,1.46
100112700505W400,SBRS,1089.60,35.49,-8.38,205.13,2310.34,0.21,0.27,21.39,22.46,20.43,284.78,4.53
100112700505W400,SBRS,1090.00,35.23,-11.53,199.63,2332.41,0.19,0.26,19.78,19.80,18.58,281.19,4.17
100112700505W400,SBRS,1090.20,31.80,-12.17,199.33,2329.02,0.20,0.27,19.46,19.42,18.70,284.34,3.12
100112700505W400,SBRS,1090.40,28.72,-11.44,199.43,2315.66,0.20,0.28,18.96,19.08,19.51,290.43,5.60
100112700505W400,SBRS,1091.10,33.44,-9.47,198.51,2290.38,0.22,0.28,20.09,20.09,19.43,303.41,4.64
100112700505W400,SBRS,1091.60,35.79,-11.81,196.68,2261.77,0.24,0.28,20.87,21.00,20.32,311.30,3.49
100112700505W400,SBRS,1092.00,31.89,-12.18,196.58,2284.88,0.22,0.29,21.08,21.03,19.37,307.62,8.78
100112700505W400,SBRS,1092.60,38.00,-13.97,196.48,2302.45,0.21,0.27,20.33,20.40,18.82,300.48,1.61
100112700505W400,SBRS,1093.60,38.01,-11.79,198.58,2303.20,0.21,0.27,19.28,18.83,17.89,302.39,2.35
100112700505W400,SBRS,1094.00,36.91,-12.32,199.33,2312.43,0.20,0.27,18.60,18.41,17.63,305.84,1.69
100112700505W400,SBRS,1094.20,35.78,-12.11,198.35,2313.42,0.20,0.27,18.22,17.76,17.26,306.44,1.45
100112700505W400,SWFT,1094.80,62.58,-9.76,199.68,2358.09,0.17,0.27,14.80,13.38,14.65,305.06,0.66
100112700505W400,SWFT,1095.10,69.16,-7.21,199.23,2409.75,0.14,0.29,13.86,14.18,13.00,299.92,1.28
100112700505W400,SWFT,1096.30,90.58,11.52,202.35,2415.28,0.14,0.30,12.06,11.93,11.16,294.41,0.88
100112700505W400,SWFT,1096.50,105.95,16.32,203.06,2405.57,0.15,0.30,12.14,12.27,11.36,294.81,1.12
100112700505W400,SWFT,1096.70,108.30,20.63,203.29,2398.81,0.15,0.31,12.30,12.45,11.65,295.25,1.17
100112700505W400,SWFT,1096.90,98.61,22.43,202.55,2397.54,0.15,0.32,12.17,14.59,11.89,295.27,1.14
100102700505W400,SBRS,1097.00,46.61,47.68,197.93,2390.40,0.16,0.23,4.17,5.56,5.23,234.48,1.30
100102700505W400,SBRS,1097.20,47.78,34.09,197.58,2428.86,0.14,0.21,6.66,8.78,10.77,235.06,1.07
100102700505W400,SBRS,1097.40,45.95,23.92,196.35,2449.38,0.13,0.21,10.69,12.84,16.40,238.10,1.30
100102700505W400,SBRS,1097.70,46.26,15.16,196.02,2461.07,0.12,0.20,17.60,19.43,19.24,243.23,1.22
100102700505W400,SBRS,1097.90,43.55,13.58,195.60,2442.31,0.13,0.19,18.94,20.88,17.73,245.18,0.53
100102700505W400,SBRS,1098.10,37.74,12.79,196.16,2418.23,0.14,0.20,18.58,20.94,16.63,245.56,0.66
100102700505W400,SBRS,1098.40,33.86,10.99,194.99,2401.33,0.15,0.22,17.69,19.64,18.47,251.10,0.58
100102700505W400,SBRS,1098.60,38.92,11.37,196.09,2349.11,0.18,0.21,17.50,17.62,22.02,255.20,4.14
100102700505W400,SBRS,1098.70,41.27,11.28,196.63,2345.54,0.18,0.21,17.24,16.60,20.68,256.92,1.00
100102700505W400,SBRS,1099.00,47.36,13.70,197.58,2422.98,0.14,0.25,15.76,14.54,13.39,255.68,0.55
100102700505W400,SBRS,1099.20,47.39,18.16,197.37,2471.97,0.11,0.26,14.53,14.03,11.85,256.26,0.26
100102700505W400,SBRS,1099.40,44.90,19.91,197.98,2481.61,0.10,0.25,13.58,13.82,12.58,261.31,0.41
100102700505W400,SBRS,1099.60,44.73,19.31,196.90,2474.58,0.11,0.25,13.33,13.91,14.58,264.67,0.75
100102700505W400,SBRS,1099.80,43.66,19.19,197.03,2458.46,0.12,0.23,14.54,15.12,13.73,259.11,0.54
100102700505W400,SBRS,1100.00,38.44,14.60,196.23,2418.50,0.14,0.21,17.26,18.26,13.95,246.68,0.85
100102700505W400,SBRS,1100.10,33.22,12.50,196.49,2401.00,0.15,0.21,18.66,20.18,15.26,241.11,0.21
100102700505W400,SBRS,1100.20,28.33,10.58,196.55,2374.46,0.16,0.19,21.01,23.38,19.66,237.32,1.64
100102700505W400,SBRS,1100.40,21.17,8.79,196.50,2339.68,0.18,0.18,26.43,30.37,39.07,242.02,5.20
100102700505W400,SBRS,1100.60,21.29,7.63,197.04,2311.37,0.21,0.19,36.01,39.70,70.34,260.84,5.12
100102700505W400,SBRS,1100.80,25.27,6.27,197.31,2305.23,0.21,0.22,53.35,52.30,78.11,283.61,4.96
100102700505W400,SBRS,1101.00,29.99,5.35,196.90,2271.03,0.24,0.24,68.59,60.51,73.90,303.20,0.56
100102700505W400,SBRS,1101.30,37.47,4.91,196.21,2208.26,0.27,0.24,69.21,56.67,60.50,283.91,3.26
100102700505W400,SBRS,1101.70,51.44,3.77,200.17,2282.40,0.23,0.21,63.04,46.28,42.01,252.90,2.94
100102700505W400,SBRS,1102.00,50.19,2.57,199.98,2337.32,0.19,0.21,57.47,43.59,41.06,259.16,0.54
100102700505W400,SBRS,1102.50,44.97,1.73,199.63,2319.93,0.21,0.23,29.20,27.18,44.90,288.28,1.49
100102700505W400,SBRS,1102.80,72.50,-1.66,200.57,2296.40,0.22,0.24,21.48,16.62,39.29,288.36,1.77
100102700505W400,SBRS,1103.10,63.19,-11.19,200.37,2327.72,0.20,0.23,19.69,15.39,14.20,246.75,0.13
100102700505W400,SBRS,1103.30,50.93,-16.08,200.30,2380.57,0.16,0.21,19.02,17.24,12.90,243.76,0.56
100102700505W400,SBRS,1103.60,44.79,-12.28,200.24,2410.38,0.16,0.22,19.66,19.84,34.73,265.96,3.79
100102700505W400,SBRS,1104.00,30.72,0.77,198.95,2293.07,0.23,0.25,33.97,32.20,35.21,272.88,2.40
100102700505W400,SBRS,1104.30,27.95,4.91,198.20,2262.53,0.24,0.26,50.93,41.38,48.57,284.54,1.89
100102700505W400,SBRS,1104.60,24.03,8.72,198.75,2250.85,0.25,0.23,58.25,43.27,45.42,291.05,1.73
100102700505W400,SBRS,1104.80,24.22,11.48,197.84,2241.79,0.25,0.25,57.94,42.11,37.50,296.26,2.86
100102700505W400,SBRS,1105.60,47.99,23.22,197.93,2293.38,0.22,0.25,30.93,24.32,28.30,274.26,4.84
100102700505W400,SBRS,1105.90,44.82,27.28,199.21,2367.60,0.17,0.23,22.98,19.88,17.73,275.21,2.70
100102700505W400,SWFT,1106.10,49.52,24.68,199.21,2417.95,0.14,0.24,18.60,16.93,16.92,280.78,3.12
100102700505W400,SWFT,1106.50,57.20,29.03,199.28,2404.20,0.15,0.28,15.07,12.93,13.06,289.04,1.50
100102700505W400,SWFT,1106.70,44.82,33.93,199.98,2398.59,0.16,0.28,14.78,13.55,10.25,288.89,2.60
100102700505W400,SWFT,1107.10,37.62,31.39,199.83,2382.71,0.17,0.29,14.22,14.30,15.71,289.28,3.92
100102700505W400,SWFT,1107.40,45.81,35.54,199.70,2379.16,0.17,0.26,14.53,14.22,15.25,284.66,2.27
100102700505W400,SWFT,1107.70,58.85,37.94,199.98,2411.51,0.15,0.26,14.73,13.58,13.40,283.36,5.42
100102700505W400,SWFT,1108.00,85.21,39.55,199.28,2420.27,0.14,0.28,13.99,12.85,12.16,285.24,2.13
100102700505W400,SWFT,1108.30,107.48,45.64,199.63,2423.39,0.14,0.28,13.17,12.40,11.53,289.18,1.02
100102700505W400,SWFT,1110.60,55.73,40.89,200.24,2386.76,0.16,0.30,11.73,11.68,13.66,296.89,1.27
100102700505W400,SWFT,1111.50,44.83,42.38,199.98,2362.89,0.18,0.29,12.29,12.33,10.28,300.40,2.89
100102700505W400,SWFT,1112.40,35.66,37.55,199.76,2319.40,0.20,0.27,14.74,14.20,11.26,292.50,2.76
100102300505W400,SBRS,1109.20,49.99,-16.49,193.88,2414.00,0.12,0.30,5.39,6.36,5.72,293.10,0.62
100102300505W400,SBRS,1109.40,44.66,-17.02,193.88,2460.00,0.15,0.23,6.38,7.82,8.82,266.07,0.54
100102300505W400,SBRS,1109.60,35.39,-22.02,193.88,2514.00,0.07,0.18,8.13,9.50,29.31,248.38,0.66
100102300505W400,SBRS,1110.00,25.49,-32.04,192.25,2450.00,0.12,0.21,8.44,7.56,10.27,266.10,0.53
100102300505W400,SBRS,1110.20,25.84,-48.29,189.25,2356.00,0.17,0.27,7.93,7.52,5.09,285.79,0.89
100102300505W400,SBRS,1110.40,30.13,-55.29,189.25,2328.00,0.19,0.30,7.89,7.83,6.81,306.95,1.83
100102300505W400,SBRS,1110.60,33.93,-59.04,189.25,2322.00,0.20,0.29,7.98,8.10,9.41,301.35,0.40
100102300505W400,SBRS,1110.80,35.62,-58.41,189.25,2307.90,0.18,0.28,9.97,11.32,11.12,294.66,0.81
100102300505W400,SBRS,1111.00,35.95,-54.91,189.25,2304.00,0.20,0.28,11.22,13.65,16.18,293.14,2.92
100102300505W400,SBRS,1111.20,35.23,-53.66,189.25,2282.00,0.22,0.27,13.01,16.48,30.22,295.48,1.49
100102300505W400,SBRS,1111.40,33.35,-53.04,189.25,2266.00,0.24,0.27,14.70,18.24,40.13,305.55,3.33
100102300505W400,SBRS,1111.60,32.59,-53.54,189.25,2238.00,0.25,0.28,17.16,19.05,28.72,319.48,4.60
100102300505W400,SBRS,1111.70,32.78,-53.62,189.25,2238.00,0.23,0.29,17.05,18.73,25.90,324.40,1.08
100102300505W400,SBRS,1111.90,36.84,-53.74,189.25,2236.00,0.25,0.30,16.95,17.84,21.71,333.30,0.66
100102300505W400,SBRS,1112.10,50.46,-53.35,189.25,2245.00,0.23,0.30,16.50,16.90,18.14,339.10,2.86
100102300505W400,SBRS,1112.20,53.65,-52.91,189.25,2256.00,0.25,0.30,16.02,16.53,15.93,340.93,1.92
100102300505W400,SBRS,1112.50,66.24,-51.04,189.25,2282.00,0.22,0.30,15.50,16.91,18.54,339.54,1.82
100102300505W400,SBRS,1112.70,127.19,-49.04,189.25,2233.95,0.25,0.31,14.84,16.31,20.64,338.96,0.43
100102300505W400,SBRS,1112.90,165.87,-46.67,189.25,2187.90,0.29,0.34,14.12,15.40,19.48,335.60,1.20
100102300505W400,SBRS,1113.10,175.62,-44.92,189.25,2201.95,0.31,0.34,13.43,14.56,16.77,326.40,0.90
100102300505W400,SWFT,1113.40,84.31,-30.79,189.25,2316.00,0.19,0.30,10.85,10.52,15.19,307.29,2.22
100102300505W400,SWFT,1113.60,60.54,-25.79,191.25,2358.00,0.19,0.26,9.49,9.24,11.50,299.27,0.45
100102300505W400,SWFT,1113.80,57.38,-20.54,192.50,2372.00,0.15,0.28,8.78,8.53,7.72,306.22,4.05
100102300505W400,SWFT,1114.10,83.55,-16.42,191.63,2371.95,0.18,0.34,7.00,6.75,6.79,315.02,0.77
100102300505W400,SWFT,1114.40,101.21,-14.55,192.38,2353.90,0.17,0.39,6.30,6.06,5.95,319.47,3.18
100092800505W400,LMNV,1078.40,51.35,68.92,202.47,2308.41,0.20,0.34,2.22,2.64,2.16,375.94,5.04
100092800505W400,SBRS,1078.70,53.81,64.08,203.43,2336.48,0.18,0.24,3.07,4.14,4.72,266.93,1.84
100092800505W400,SBRS,1079.00,52.71,59.36,203.73,2367.44,0.17,0.22,5.08,6.65,8.98,262.70,1.87
100092800505W400,SBRS,1079.40,55.50,52.95,205.50,2364.58,0.17,0.23,10.28,11.44,10.64,263.82,1.90
100092800505W400,SBRS,1079.80,48.32,41.89,205.80,2341.86,0.18,0.23,12.66,14.37,13.08,268.15,8.19
100092800505W400,SBRS,1080.10,48.78,35.60,205.32,2318.48,0.19,0.24,13.48,14.44,14.02,273.18,3.86
100092800505W400,SBRS,1080.30,52.28,32.92,204.84,2306.40,0.20,0.26,14.34,15.41,14.29,276.76,3.81
100092800505W400,SBRS,1080.60,53.18,29.85,203.13,2305.98,0.21,0.27,15.49,16.11,14.74,280.92,3.93
100092800505W400,SBRS,1080.90,50.10,29.22,199.85,2323.05,0.20,0.27,15.56,16.03,15.55,277.36,2.44
100092800505W400,SBRS,1081.10,50.30,30.66,199.85,2327.99,0.19,0.28,15.19,16.13,15.30,276.20,2.83
100092800505W400,SBRS,1081.40,48.63,31.12,199.02,2318.58,0.19,0.29,14.81,16.36,14.76,278.21,3.04
100092800505W400,SBRS,1081.70,45.65,31.38,196.94,2318.07,0.20,0.28,15.22,16.58,15.62,280.71,3.37
100092800505W400,SBRS,1082.10,40.43,31.29,193.45,2330.83,0.19,0.28,14.92,15.66,16.03,281.40,2.32
100092800505W400,SBRS,1082.50,43.91,28.56,194.20,2313.51,0.20,0.27,14.80,16.64,15.07,285.77,2.34
100092800505W400,SBRS,1082.90,41.81,28.67,192.07,2314.32,0.21,0.28,14.93,16.71,15.34,284.89,1.03
100092800505W400,SBRS,1083.30,49.91,29.15,190.71,2319.45,0.19,0.26,14.47,15.33,16.90,285.75,2.53
100092800505W400,SBRS,1083.50,51.77,26.65,187.98,2299.38,0.23,0.27,14.28,15.64,15.02,290.07,2.11
100092800505W400,SBRS,1083.70,51.70,24.04,185.48,2251.03,0.27,0.28,14.06,15.18,14.31,295.51,1.48
100092800505W400,SBRS,1083.90,48.87,22.13,187.85,2198.22,0.28,0.29,13.78,14.71,15.09,300.03,1.95
100092800505W400,SBRS,1084.10,48.60,20.04,192.85,2233.40,0.25,0.28,13.53,14.23,16.00,300.82,1.40
100092800505W400,SBRS,1084.40,47.91,17.69,196.24,2301.83,0.21,0.27,13.57,14.48,14.17,297.60,1.50
100092800505W400,SBRS,1084.70,49.79,19.57,198.56,2288.42,0.22,0.26,13.88,15.26,14.77,297.29,3.90
100092800505W400,SBRS,1085.00,46.98,24.26,200.45,2346.54,0.20,0.27,13.84,16.09,16.27,293.75,2.50
100092800505W400,SBRS,1085.30,61.04,30.65,203.31,2381.56,0.15,0.27,13.79,15.80,17.65,288.47,9.45
100092800505W400,SBRS,1085.70,87.22,40.26,202.83,2343.30,0.19,0.27,13.74,15.03,13.19,290.04,2.25
100092800505W400,SBRS,1086.00,80.51,42.40,202.53,2325.68,0.19,0.31,13.19,14.26,12.20,299.40,3.26
100083500505W400,SBRS,1182.20,52.53,71.58,201.73,2395.20,0.16,0.26,13.35,5.92,10.36,298.29,0.32
100083500505W400,SBRS,1182.50,53.09,75.15,201.48,2359.90,0.19,0.27,13.69,5.66,11.05,298.43,0.92
100083500505W400,SBRS,1182.70,50.52,77.23,201.48,2325.15,0.20,0.28,13.82,5.19,10.99,300.32,2.88
100083500505W400,SBRS,1182.90,46.91,78.91,201.48,2304.45,0.21,0.28,13.88,5.02,10.76,305.19,1.46
100083500505W400,SBRS,1183.10,44.15,80.20,201.48,2289.25,0.22,0.27,14.22,4.41,10.71,311.19,1.02
100083500505W400,SBRS,1183.30,44.12,81.10,201.48,2284.25,0.22,0.27,15.19,4.75,11.45,314.47,1.52
100083500505W400,SBRS,1183.60,40.52,82.40,201.48,2271.30,0.24,0.28,16.90,5.00,13.09,319.22,1.57
100083500505W400,SBRS,1183.70,38.40,82.60,201.48,2249.15,0.25,0.29,16.39,4.84,12.71,324.57,4.10
100083500505W400,SBRS,1183.90,34.64,82.70,201.48,2210.90,0.28,0.29,15.12,3.62,11.84,332.91,5.02
100083500505W400,SBRS,1184.10,33.15,82.40,201.48,2196.60,0.28,0.29,13.89,2.91,10.92,336.23,1.98
100083500505W400,SBRS,1184.30,34.79,82.00,201.48,2203.60,0.27,0.28,13.24,3.10,10.35,330.82,5.71
100083500505W400,SBRS,1184.60,44.92,80.90,201.48,2236.10,0.24,0.27,12.80,4.09,10.16,312.88,2.05
100083500505W400,SBRS,1184.80,59.07,78.61,201.63,2306.40,0.19,0.28,12.23,4.82,9.90,301.27,0.48
100083500505W400,SWFT,1185.10,83.51,73.47,204.98,2369.30,0.17,0.31,10.29,5.73,8.62,300.12,6.57
100083500505W400,SWFT,1185.50,119.00,69.20,205.45,2388.00,0.16,0.32,7.10,2.51,5.96,323.74,1.29
100083500505W400,SWFT,1185.80,132.11,67.40,203.88,2386.80,0.16,0.30,6.81,4.15,5.68,322.69,1.31
100083500505W400,SWFT,1186.10,111.47,66.20,205.28,2374.85,0.17,0.30,6.84,5.19,5.83,319.56,3.85
100083500505W400,SWFT,1186.30,98.61,65.80,205.29,2374.25,0.16,0.33,6.63,4.20,5.41,320.03,1.97
100083500505W400,SWFT,1186.50,91.56,65.60,204.74,2384.15,0.16,0.32,6.58,5.61,5.24,320.80,9.63
100083500505W400,SWFT,1186.80,89.27,65.20,206.43,2373.40,0.17,0.31,6.34,4.95,5.29,326.09,0.88
100083500505W400,SWFT,1187.00,92.15,65.30,204.98,2372.70,0.17,0.31,5.96,3.69,5.10,328.33,2.25
100083500505W400,SWFT,1187.20,94.40,65.10,204.40,2372.30,0.16,0.31,5.65,5.09,4.97,330.04,1.08
100083500505W400,SWFT,1187.40,93.66,64.80,205.40,2386.40,0.16,0.30,5.66,4.49,4.83,327.14,4.52
100083500505W400,SWFT,1187.80,94.87,64.00,204.53,2368.40,0.17,0.35,5.89,5.76,4.94,322.56,1.71
100083500505W400,RRDN,1191.90,68.69,63.90,203.89,2959.80,-0.23,0.35,5.26,6.52,4.11,303.54,0.27
100082100505W400,SBRS,1065.10,58.10,-58.49,215.63,2299.99,0.21,0.26,17.79,18.49,18.64,297.65,1.47
100082100505W400,SBRS,1065.20,62.75,-57.83,215.63,2299.99,0.21,0.26,17.89,18.48,18.44,297.99,1.39
100082100505W400,SBRS,1065.30,67.40,-57.00,215.63,2302.57,0.21,0.26,17.74,18.18,18.11,298.45,1.63
100082100505W400,SBRS,1065.40,69.50,-55.93,215.63,2307.39,0.21,0.26,17.58,17.87,17.78,299.01,1.02
100082100505W400,SBRS,1065.50,71.60,-54.83,215.63,2318.55,0.21,0.27,17.43,17.66,17.25,297.99,1.71
100082100505W400,SBRS,1065.60,73.49,-53.68,215.63,2332.40,0.20,0.27,17.28,17.44,16.73,296.11,1.76
100082100505W400,SBRS,1065.70,75.39,-52.42,215.89,2348.80,0.19,0.27,17.22,17.04,16.23,293.27,1.91
100082100505W400,SBRS,1066.50,56.90,-52.59,215.76,2398.41,0.15,0.28,17.57,17.54,17.55,296.40,1.57
100082100505W400,SBRS,1066.70,53.99,-57.78,215.38,2374.57,0.16,0.27,18.23,18.40,19.66,302.32,0.76
100082100505W400,SBRS,1066.80,53.99,-59.48,215.38,2364.68,0.17,0.27,18.49,18.72,20.32,304.68,0.70
100082100505W400,SBRS,1066.90,53.99,-60.09,215.50,2357.47,0.17,0.28,18.74,19.05,20.68,306.66,0.58
100082100505W400,SBRS,1067.00,55.39,-60.41,215.63,2350.77,0.18,0.28,18.98,19.38,21.04,308.06,0.91
100082100505W400,SBRS,1067.10,56.79,-60.42,215.63,2344.74,0.18,0.28,19.23,19.65,21.08,309.14,0.87
100082100505W400,SBRS,1067.30,62.69,-60.38,215.63,2339.00,0.19,0.29,19.79,20.26,21.00,309.86,1.26
100082100505W400,SBRS,1067.40,62.94,-60.16,215.63,2339.58,0.19,0.29,20.11,20.62,20.89,309.40,1.59
100082100505W400,SBRS,1067.50,63.20,-59.53,215.89,2342.21,0.19,0.29,20.16,20.76,20.68,308.02,1.90
100082100505W400,SBRS,1067.70,63.09,-57.51,216.65,2349.03,0.18,0.29,20.06,20.91,20.30,304.51,1.00
100082100505W400,SBRS,1067.90,63.59,-55.44,217.28,2364.70,0.18,0.29,19.79,20.62,20.02,300.28,1.24
100082100505W400,SBRS,1068.00,64.29,-54.66,217.40,2376.59,0.17,0.29,19.67,20.32,19.91,298.30,0.99
100082100505W400,SBRS,1069.80,60.40,-45.13,218.43,2391.62,0.15,0.28,16.90,18.27,17.68,299.34,2.29
100082100505W400,SBRS,1070.20,60.65,-47.90,217.68,2368.83,0.17,0.30,16.74,18.68,18.11,303.82,1.62
100082100505W400,SBRS,1070.60,57.69,-51.13,219.20,2356.74,0.18,0.29,15.47,19.12,18.58,302.95,1.27
100082100505W400,SBRS,1070.70,59.39,-51.21,218.44,2369.20,0.18,0.28,15.16,18.65,18.43,301.10,1.79
100082100505W400,SBRS,1070.80,63.04,-51.07,217.68,2385.32,0.17,0.28,14.85,18.17,18.27,299.08,1.09
100082100505W400,SBRS,1070.90,66.69,-50.63,217.54,2402.14,0.16,0.28,14.58,17.68,17.72,297.15,0.75
100082100505W400,SBRS,1071.10,80.60,-48.69,217.40,2421.97,0.14,0.30,13.60,16.10,15.89,296.77,0.84
100082100505W400,SBRS,1071.30,84.89,-45.40,217.28,2428.95,0.14,0.32,12.57,14.60,14.32,299.12,1.75
100063000505W400,SBRS,1023.50,21.28,-105.64,193.25,2264.47,0.24,0.20,28.94,31.84,44.92,325.35,0.72
100063000505W400,SBRS,1023.80,21.02,-107.43,191.75,2261.55,0.25,0.22,24.94,26.56,38.22,326.69,0.13
100063000505W400,SBRS,1023.90,21.83,-107.92,191.50,2258.25,0.24,0.23,23.73,24.94,34.41,328.04,1.16
100063000505W400,SBRS,1024.10,23.97,-108.42,191.50,2260.30,0.23,0.24,21.59,22.18,28.81,330.72,2.91
100063000505W400,SBRS,1024.20,25.29,-108.32,191.75,2265.65,0.24,0.25,20.83,21.02,26.93,332.05,3.06
100063000505W400,SBRS,1024.40,27.35,-107.03,192.00,2279.71,0.21,0.26,19.54,19.19,25.05,332.79,0.79
100063000505W400,SBRS,1024.50,28.07,-105.45,192.75,2300.65,0.19,0.26,19.01,18.66,25.39,326.43,2.71
100063000505W400,SBRS,1024.70,29.59,-100.10,193.75,2342.95,0.17,0.25,18.40,17.82,28.94,311.92,2.36
100063000505W400,SBRS,1024.90,31.62,-93.21,194.25,2364.36,0.17,0.25,17.65,17.01,34.09,305.09,0.34
100063000505W400,SBRS,1025.10,34.39,-88.32,194.25,2360.32,0.19,0.25,17.57,16.25,26.56,307.76,0.18
100063000505W400,SBRS,1025.30,37.91,-82.98,194.50,2357.01,0.17,0.26,18.23,15.95,20.09,310.54,0.36
100063000505W400,SBRS,1025.50,41.42,-79.01,196.50,2392.08,0.12,0.27,18.58,16.10,15.58,313.43,0.59
100063000505W400,SBRS,1025.70,44.39,-78.31,198.75,2449.69,0.09,0.30,20.09,17.98,15.09,302.00,4.26
100063000505W400,SBRS,1025.90,46.40,-81.60,199.50,2479.75,0.09,0.31,22.28,22.18,20.64,280.40,0.24
100063000505W400,SBRS,1026.30,42.46,-94.26,193.00,2449.74,0.15,0.34,32.80,33.39,61.10,279.89,4.59
100063000505W400,SBRS,1026.80,29.82,-101.19,190.50,2311.93,0.22,0.30,57.07,48.43,59.46,284.20,2.38
100063000505W400,SBRS,1027.00,30.39,-102.97,191.25,2297.57,0.24,0.31,57.33,54.28,63.93,291.37,1.61
100063000505W400,SBRS,1027.20,30.42,-104.36,192.00,2280.30,0.24,0.33,57.82,56.52,69.95,306.95,1.87
100063000505W400,SBRS,1027.40,29.78,-105.35,192.50,2261.75,0.25,0.32,58.56,57.00,76.48,320.83,1.72
100063000505W400,SBRS,1027.60,29.46,-106.14,192.50,2245.55,0.24,0.32,58.00,57.48,81.10,308.78,3.17
100063000505W400,SBRS,1027.80,29.18,-106.83,192.50,2256.53,0.23,0.33,57.18,57.70,81.46,299.36,1.81
100063000505W400,SBRS,1028.00,27.45,-107.23,192.50,2260.08,0.25,0.33,54.66,55.39,70.02,303.10,1.06
100063000505W400,SBRS,1028.20,19.80,-107.23,192.75,2200.18,0.26,0.33,49.07,49.97,55.12,311.10,2.85
100063000505W400,SBRS,1028.40,18.23,-107.03,192.75,2194.21,0.28,0.33,45.40,46.23,48.15,326.34,3.23
100063000505W400,SBRS,1028.60,16.65,-107.03,192.25,2198.28,0.27,0.32,42.22,42.99,46.62,332.31,3.08
100063000505W400,SBRS,1028.80,17.60,-107.33,192.50,2226.52,0.26,0.31,39.28,40.00,46.59,331.36,2.67
100063000505W400,SBRS,1029.10,17.27,-106.84,192.50,2249.90,0.24,0.30,36.33,37.00,43.92,324.97,0.94
100063000505W400,SBRS,1029.20,17.10,-105.85,192.50,2254.21,0.24,0.30,35.17,35.82,42.56,323.09,2.58
100063000505W400,SBRS,1029.40,19.02,-103.28,193.75,2261.87,0.23,0.30,33.57,34.51,40.30,323.62,2.75
100063000505W400,SBRS,1029.50,21.21,-100.50,194.50,2264.27,0.23,0.30,32.21,34.49,38.48,323.40,0.19
100063000505W400,SBRS,1029.70,26.06,-93.76,195.00,2265.67,0.24,0.29,28.34,34.62,37.24,318.37,3.01
100063000505W400,SBRS,1029.90,30.87,-87.03,195.00,2263.71,0.20,0.28,24.29,34.43,43.24,290.81,3.50
100063000505W400,SBRS,1030.10,34.64,-82.38,195.00,2272.31,0.15,0.26,20.09,21.69,56.28,252.53,3.98
100063000505W400,SBRS,1030.20,36.27,-80.50,195.49,2281.88,0.13,0.26,18.66,19.10,46.91,237.00,3.97
100063000505W400,SWFT,1030.60,41.13,-72.90,198.24,2470.70,0.09,0.26,14.88,15.16,13.20,235.45,0.42
100063000505W400,SWFT,1030.90,50.25,-69.80,198.49,2494.53,0.10,0.30,12.26,12.48,11.65,274.03,0.95
100063000505W400,SWFT,1031.10,53.08,-67.72,197.73,2486.96,0.10,0.31,11.02,11.23,13.88,282.61,1.88
100063000505W400,SWFT,1031.20,53.93,-66.04,197.48,2480.66,0.10,0.31,10.82,11.02,13.26,285.11,3.52
100063000505W400,SWFT,1031.60,53.76,-59.11,199.50,2470.38,0.12,0.31,9.95,10.14,10.47,289.29,0.50
100063000505W400,SWFT,1031.90,61.31,-58.61,200.00,2449.93,0.12,0.33,9.51,10.00,11.23,291.66,2.46
100063000505W400,SWFT,1032.50,85.65,-55.15,199.75,2426.52,0.14,0.34,9.51,9.91,10.23,300.52,0.38
100063000505W400,SWFT,1033.40,57.12,-57.13,201.00,2435.58,0.13,0.36,8.50,9.19,10.60,301.76,0.55
100063000505W400,SWFT,1034.10,62.24,-55.64,201.75,2433.63,0.13,0.38,7.96,8.11,8.92,312.34,0.72
100063000505W400,SWFT,1034.60,59.88,-54.46,205.25,2409.81,0.14,0.34,7.36,7.50,9.73,306.13,1.34
100063000505W400,SWFT,1035.20,68.94,-51.78,211.27,2441.66,0.12,0.38,5.78,5.89,6.44,311.52,0.44
100062500505W400,SBRS,1153.30,36.20,15.71,212.72,2404.23,0.14,0.26,4.56,4.70,5.99,315.57,1.64
100062500505W400,SBRS,1153.40,35.24,13.20,210.02,2408.78,0.14,0.26,4.84,4.93,6.32,319.96,0.65
100062500505W400,SBRS,1153.70,38.21,6.53,205.44,2388.33,0.16,0.27,5.65,5.54,6.42,331.46,1.07
100062500505W400,SBRS,1154.30,45.95,-3.84,203.80,2348.36,0.18,0.30,6.00,6.31,6.93,337.51,1.07
100062500505W400,SBRS,1154.50,46.43,-8.45,204.10,2330.47,0.20,0.30,6.23,6.69,7.26,333.71,0.98
100062500505W400,SBRS,1154.70,47.15,-13.02,204.43,2316.94,0.20,0.29,6.66,7.05,7.55,328.97,1.19
100062500505W400,SBRS,1155.00,49.68,-20.04,204.43,2347.25,0.19,0.29,7.39,7.43,7.90,319.54,0.91
100062500505W400,SBRS,1155.20,54.10,-14.33,203.98,2375.10,0.17,0.29,7.77,7.70,8.06,313.46,0.35
100062500505W400,SBRS,1155.50,59.86,-16.69,202.57,2382.97,0.16,0.26,8.30,8.14,8.60,305.42,0.81
100062500505W400,SBRS,1155.90,62.18,-24.62,200.82,2382.25,0.16,0.25,8.96,8.82,9.96,304.24,0.71
100062500505W400,SBRS,1156.20,62.16,-27.13,199.87,2358.49,0.16,0.27,9.47,9.31,10.99,306.16,1.36
100062500505W400,SBRS,1156.40,60.51,-25.96,200.19,2358.90,0.18,0.28,9.83,9.53,11.11,307.08,1.77
100062500505W400,SBRS,1156.60,58.58,-17.46,202.62,2368.09,0.18,0.29,10.19,9.81,10.50,305.53,2.12
100062500505W400,SBRS,1156.90,56.81,-8.73,205.39,2353.41,0.17,0.30,10.83,11.47,12.00,301.66,0.77
100062500505W400,SBRS,1157.10,52.94,-2.91,205.80,2327.26,0.18,0.29,11.67,14.04,14.61,307.75,2.28
100062500505W400,SBRS,1158.60,36.12,-14.97,196.88,2252.93,0.24,0.27,16.16,21.22,20.73,331.67,1.53
100062500505W400,SBRS,1158.80,35.66,-14.12,197.15,2254.82,0.24,0.27,14.64,19.35,19.37,330.37,3.32
100062500505W400,SBRS,1159.00,35.70,-12.58,197.37,2256.77,0.24,0.27,13.61,16.79,16.48,325.81,1.97
100061000505W400,SBRS,1065.30,59.85,-39.30,194.75,2366.44,0.18,0.33,3.48,3.55,3.51,298.98,0.73
100061000505W400,SBRS,1065.50,59.10,-40.40,194.75,2375.44,0.13,0.33,3.85,3.93,4.68,302.15,0.59
100061000505W400,SBRS,1065.90,64.16,-42.63,202.97,2348.77,0.18,0.35,4.47,4.55,3.73,316.10,0.42
100061000505W400,SBRS,1066.40,58.35,-47.37,199.66,2405.09,0.17,0.35,5.38,5.48,5.02,300.24,0.60
100061000505W400,SBRS,1066.70,52.80,-48.08,199.59,2394.16,0.14,0.33,5.97,6.09,7.47,300.34,0.80
100061000505W400,SBRS,1067.20,62.95,-52.28,202.75,2401.42,0.16,0.35,7.54,7.68,5.84,281.58,0.38
100061000505W400,SBRS,1067.40,62.33,-59.01,201.75,2408.29,0.15,0.35,8.35,8.59,7.96,277.49,0.23
100061000505W400,SBRS,1067.70,62.59,-64.75,203.50,2401.61,0.14,0.34,10.05,10.23,9.21,273.75,0.24
100061000505W400,SBRS,1068.20,67.35,-73.30,198.52,2338.61,0.16,0.32,13.29,13.54,12.24,272.09,0.22
100061000505W400,SBRS,1068.70,55.10,-88.32,196.04,2304.29,0.20,0.30,15.40,15.12,21.73,305.16,0.90
100061000505W400,SBRS,1069.30,54.94,-73.80,197.28,2348.81,0.21,0.31,15.91,14.51,11.91,285.00,0.36
100061000505W400,SBRS,1069.60,51.64,-77.00,197.53,2364.83,0.19,0.28,15.93,14.86,16.15,277.61,2.19
100061000505W400,SBRS,1069.90,48.47,-77.40,197.53,2351.73,0.17,0.25,16.31,16.69,24.59,276.33,0.41
100061000505W400,SBRS,1070.80,35.12,-79.20,198.25,2216.98,0.25,0.30,20.09,20.37,19.36,313.29,0.82
100061000505W400,SWFT,1072.10,101.06,-52.60,197.75,2350.56,0.18,0.33,9.13,9.26,8.04,308.06,1.13
100061000505W400,SWFT,1072.40,101.82,-53.40,197.25,2349.36,0.18,0.34,8.18,8.15,8.04,314.44,0.98
100061000505W400,SWFT,1072.70,91.67,-55.30,194.75,2352.11,0.18,0.34,8.04,7.40,8.22,318.71,0.69
100061000505W400,SWFT,1074.70,94.60,-56.92,194.37,2338.29,0.20,0.34,7.85,7.50,8.00,316.36,2.12
100061000505W400,SWFT,1075.10,90.61,-57.53,194.80,2349.54,0.18,0.33,7.96,7.47,8.33,318.75,0.96
100060600504W400,SBRS,1098.80,32.85,-65.10,194.13,2394.67,0.16,0.20,18.40,20.37,25.30,,4.56
100060600504W400,SBRS,1099.20,29.55,-67.10,194.88,2301.58,0.21,0.17,20.83,27.47,74.95,,4.84
100060600504W400,SBRS,1100.00,44.69,-64.90,195.00,2429.00,0.14,0.25,15.05,15.26,16.65,,2.64
100060600504W400,SBRS,1101.20,40.30,-59.90,196.38,2378.66,0.16,0.29,13.44,13.01,18.32,,0.94
100060600504W400,SBRS,1101.50,40.91,-62.70,192.50,2321.44,0.18,0.28,14.27,13.50,19.45,,2.09
100060600504W400,SBRS,1102.00,41.67,-65.10,194.50,2332.87,0.19,0.29,15.73,14.47,21.24,,2.49
100060600504W400,SBRS,1102.40,45.15,-66.20,193.23,2328.86,0.19,0.29,16.94,15.51,23.39,,2.47
100060600504W400,SBRS,1102.70,44.55,-66.80,194.38,2310.44,0.21,0.30,17.98,16.70,26.01,,2.11
100060600504W400,SBRS,1103.10,45.15,-68.70,194.43,2278.00,0.22,0.31,19.36,18.66,27.23,,2.69
100060600504W400,SBRS,1103.50,48.90,-70.50,194.55,2299.50,0.22,0.31,20.66,20.28,28.78,,2.03
100060600504W400,SBRS,1103.80,50.10,-72.48,194.60,2320.35,0.21,0.28,19.54,20.00,27.11,,1.93
100060600504W400,SBRS,1104.20,45.75,-73.37,194.50,2280.00,0.21,0.30,17.48,17.32,25.16,,1.70
100060600504W400,SBRS,1104.60,46.95,-73.78,195.25,2307.93,0.21,0.29,16.14,15.13,21.38,,1.57
100060600504W400,SBRS,1104.90,50.10,-72.70,195.13,2279.50,0.21,0.29,15.19,14.44,22.25,,1.89
100042700505W400,SBRS,1067.20,61.78,-63.35,201.13,2286.16,0.22,0.24,22.47,21.87,27.32,297.21,1.40
100042700505W400,SBRS,1067.30,59.25,-65.65,201.12,2274.28,0.23,0.24,23.25,22.73,29.15,301.60,1.98
100042700505W400,SBRS,1067.40,55.80,-68.32,201.09,2263.72,0.23,0.24,24.32,23.80,31.24,306.00,3.03
100042700505W400,SBRS,1067.60,46.80,-73.29,201.03,2250.68,0.24,0.24,27.03,26.31,34.27,310.97,2.42
100042700505W400,SBRS,1067.70,43.07,-74.21,201.03,2251.14,0.24,0.24,27.87,27.02,34.41,312.00,2.20
100042700505W400,SBRS,1067.90,38.47,-75.33,200.99,2256.40,0.24,0.24,29.34,28.08,34.23,313.29,1.49
100042700505W400,SBRS,1068.20,36.98,-76.42,200.85,2257.56,0.24,0.23,30.00,28.41,32.96,313.38,2.15
100042700505W400,SBRS,1068.40,38.47,-77.50,200.77,2254.32,0.24,0.23,29.42,27.58,32.59,313.21,1.33
100042700505W400,SBRS,1068.60,39.80,-78.79,200.71,2264.00,0.23,0.23,28.33,25.60,32.57,311.96,1.67
100042700505W400,SBRS,1068.80,38.91,-78.56,200.63,2277.32,0.23,0.23,27.25,24.15,31.27,309.09,0.27
100042700505W400,SBRS,1069.00,37.87,-76.75,200.48,2295.20,0.22,0.23,24.54,21.99,28.36,305.65,0.26
100042700505W400,SBRS,1069.10,38.91,-76.05,200.44,2301.52,0.21,0.23,23.53,21.32,27.86,303.74,1.76
100042700505W400,SBRS,1069.20,40.11,-75.32,200.37,2309.40,0.21,0.23,22.61,20.64,27.52,301.82,3.79
100042700505W400,SBRS,1069.40,43.25,-73.30,200.23,2330.36,0.19,0.23,20.87,19.25,26.67,298.37,1.15
100042700505W400,SBRS,1069.60,46.41,-70.02,200.13,2350.52,0.18,0.23,19.40,18.02,24.37,295.16,1.39
100042700505W400,SBRS,1069.80,51.66,-68.46,200.16,2343.16,0.19,0.23,19.01,17.88,22.95,292.44,2.08
100042700505W400,SBRS,1070.00,58.36,-68.70,200.25,2311.50,0.21,0.24,19.01,18.31,23.41,290.22,3.51
100042700505W400,SBRS,1070.10,61.04,-69.42,200.29,2303.90,0.21,0.24,19.10,18.51,24.20,291.54,2.94
100042700505W400,SBRS,1070.20,61.19,-70.21,200.32,2298.10,0.21,0.24,19.19,18.75,25.01,292.86,1.64
100042700505W400,SBRS,1070.40,55.84,-71.86,200.33,2288.02,0.22,0.24,19.51,19.33,26.23,297.18,1.52
100042700505W400,SBRS,1070.50,51.83,-72.99,200.33,2278.50,0.23,0.24,19.95,19.91,26.66,299.01,1.31
100042700505W400,SBRS,1070.60,47.23,-73.35,200.31,2272.90,0.23,0.24,20.24,20.19,26.74,300.83,2.17
100042700505W400,SBRS,1071.40,36.45,-72.96,200.16,2277.00,0.23,0.22,20.72,19.60,27.14,309.09,2.21
100042700505W400,SBRS,1071.60,38.10,-70.02,200.20,2307.96,0.21,0.22,20.34,18.56,25.23,306.97,2.76
100042700505W400,SBRS,1071.80,42.00,-66.74,200.27,2320.38,0.20,0.22,20.17,18.43,23.18,303.30,1.88
100042700505W400,SBRS,1072.10,48.27,-63.91,200.38,2301.60,0.21,0.23,19.53,19.21,23.39,295.94,0.79
100042700505W400,SBRS,1072.40,49.90,-67.28,200.32,2292.78,0.22,0.23,18.99,19.34,26.94,299.38,0.80
100042700505W400,SWFT,1073.40,60.89,-60.80,200.54,2377.94,0.16,0.22,15.05,14.27,19.78,293.52,0.64
100042700505W400,SWFT,1073.70,68.02,-57.72,200.66,2381.06,0.16,0.22,13.77,13.25,18.98,293.85,1.66
100042700505W400,SWFT,1073.90,70.40,-56.24,200.77,2378.28,0.16,0.22,13.48,13.13,18.19,294.11,1.17
100042700505W400,SWFT,1074.30,89.41,-55.63,200.79,2360.38,0.18,0.22,13.00,12.89,19.20,293.35,1.13
100042700505W400,SWFT,1074.60,85.40,-54.97,200.85,2357.00,0.18,0.23,12.18,11.99,18.82,295.06,1.31
100042700505W400,SWFT,1075.10,77.38,-49.54,200.81,2378.76,0.16,0.24,10.72,10.58,15.65,301.89,1.13
100042700505W400,SWFT,1075.50,82.13,-47.68,200.78,2391.50,0.16,0.25,9.71,9.46,15.05,307.57,1.68
100042700505W400,SWFT,1075.70,82.72,-46.70,200.77,2398.94,0.15,0.24,9.45,9.22,14.36,310.42,0.76
100042700505W400,SWFT,1076.40,80.79,-48.08,201.11,2375.04,0.17,0.24,8.69,8.92,14.29,315.97,0.64
100042700505W400,SWFT,1076.60,78.27,-49.47,201.15,2360.72,0.18,0.23,8.38,8.57,14.72,315.46,0.57
100042700505W400,SWFT,1077.20,84.21,-45.77,201.22,2344.36,0.19,0.24,8.00,7.98,12.41,318.33,0.72
100042700505W400,SWFT,1077.70,93.75,-45.62,201.30,2346.26,0.18,0.25,7.71,7.90,12.93,319.73,0.62
100042700505W400,SWFT,1078.50,88.96,-45.22,201.25,2347.20,0.18,0.26,8.02,8.14,12.97,319.31,0.65
100042700505W400,SWFT,1078.80,88.96,-44.25,201.23,2362.78,0.17,0.25,8.12,8.35,12.79,315.90,0.57
100042700505W400,SWFT,1079.30,85.40,-43.63,201.29,2392.82,0.16,0.25,8.18,8.40,13.75,308.08,0.54
100042700505W400,SWFT,1082.20,94.50,-43.19,202.49,2331.98,0.19,0.25,7.23,7.74,11.24,331.70,4.32
100042700505W400,SWFT,1082.30,91.80,-44.48,202.60,2330.54,0.19,0.25,7.64,8.26,11.98,330.05,6.40
100042700505W400,SWFT,1082.60,83.17,-52.14,202.84,2323.86,0.20,0.25,9.82,10.41,17.87,322.90,1.17
100042700505W400,SWFT,1082.80,72.18,-55.38,202.92,2327.28,0.20,0.25,10.70,10.69,20.01,318.17,3.44
100042700505W400,SWFT,1082.90,66.68,-56.37,203.04,2332.40,0.19,0.25,11.02,10.51,19.72,316.57,4.73
100042700505W400,SWFT,1083.10,59.85,-55.61,203.44,2348.56,0.18,0.24,11.13,9.56,16.11,315.28,4.77
100042700505W400,SWFT,1083.30,61.04,-52.18,203.75,2358.42,0.18,0.24,10.52,8.80,13.50,317.02,5.91
100042700505W400,SWFT,1084.00,84.36,-42.15,203.75,2368.00,0.17,0.26,6.16,6.52,10.89,325.99,0.61
100042700505W400,SWFT,1084.50,90.60,-39.32,203.70,2425.80,0.14,0.29,2.57,2.84,9.82,326.36,9.98
100040100505W400,SWFT,1069.60,74.10,-10.20,187.62,2510.40,0.09,0.31,12.07,12.70,12.47,,0.17
100040100505W400,SWFT,1071.10,73.95,-12.60,189.11,2559.41,0.06,0.32,14.08,14.47,16.78,,0.49
100040100505W400,SWFT,1071.70,76.50,-16.80,189.60,2520.79,0.09,0.36,14.01,14.54,14.68,,0.52
100040100505W400,SWFT,1072.00,66.00,-21.39,188.12,2476.14,0.11,0.37,13.76,14.41,14.41,,0.43
100040100505W400,SWFT,1072.90,54.00,-23.86,186.88,2489.05,0.09,0.30,15.73,16.17,17.74,,1.72
100040100505W400,SWFT,1074.50,79.05,-18.20,186.44,2468.03,0.11,0.31,12.71,13.25,14.26,,0.63
100040100505W400,SWFT,1074.70,79.65,-16.40,187.21,2473.52,0.11,0.31,12.08,12.70,12.88,,0.69
100040100505W400,SWFT,1075.00,82.65,-18.80,186.75,2469.50,0.10,0.33,11.96,12.76,12.70,,1.41
100040100505W400,SWFT,1075.30,81.45,-23.07,186.50,2433.66,0.12,0.35,12.75,13.34,13.78,,0.47
100040100505W400,SWFT,1075.80,73.20,-25.15,186.50,2406.44,0.15,0.32,13.70,13.96,17.66,,0.16
100040100505W400,SWFT,1076.00,75.90,-23.37,186.75,2409.90,0.15,0.32,13.57,13.82,16.02,,1.52
100040100505W400,SWFT,1076.50,96.90,-18.60,184.75,2391.06,0.15,0.33,12.14,12.54,14.14,,0.30
100040100505W400,SWFT,1076.90,171.09,-10.70,185.75,2390.06,0.16,0.34,10.52,11.23,10.92,,1.50
100022700505W400,SBRS,1090.40,42.14,37.15,205.43,2376.42,0.17,0.23,27.11,29.32,27.74,,1.90
100022700505W400,SBRS,1090.70,38.81,37.12,205.62,2345.66,0.18,0.23,30.97,33.78,33.02,,1.31
100022700505W400,SBRS,1091.10,39.85,35.60,205.56,2303.00,0.21,0.24,26.98,28.00,37.52,,3.44
100022700505W400,SBRS,1091.30,48.90,33.30,205.81,2314.00,0.20,0.24,24.38,23.28,37.87,,4.44
100022700505W400,SBRS,1091.80,55.50,18.10,205.56,2355.56,0.18,0.25,21.63,17.68,15.01,,0.27
100022700505W400,SBRS,1092.10,46.65,17.40,205.30,2391.39,0.15,0.21,23.28,23.17,18.17,,0.14
100022700505W400,SBRS,1092.30,49.20,15.90,205.04,2429.37,0.13,0.18,24.92,28.22,32.68,,2.82
100022700505W400,SBRS,1093.00,59.85,8.10,204.50,2500.52,0.09,0.13,17.13,17.29,53.79,,0.19
100022700505W400,SBRS,1093.20,60.30,13.00,204.50,2461.62,0.11,0.19,15.42,12.62,20.85,,1.03
100022700505W400,SBRS,1093.50,64.80,21.52,204.25,2436.00,0.13,0.25,13.64,12.50,11.31,,0.09
100022700505W400,SBRS,1093.80,58.05,20.91,204.25,2453.54,0.12,0.24,13.03,12.91,17.68,,1.51
100022700505W400,SBRS,1094.00,45.90,21.52,204.25,2473.23,0.11,0.21,14.60,14.60,41.52,,1.04
100022700505W400,SBRS,1094.30,40.88,28.66,204.20,2478.21,0.10,0.20,20.63,22.83,22.01,,1.49
100022700505W400,SBRS,1094.50,40.26,31.95,204.16,2451.01,0.12,0.20,26.19,27.55,21.49,,0.71
100022700505W400,SBRS,1094.80,39.32,31.63,204.09,2432.00,0.13,0.18,35.80,36.30,45.89,,2.12
100022700505W400,SBRS,1095.10,31.19,32.70,204.04,2405.97,0.16,0.19,46.70,41.47,57.52,,0.89
100022700505W400,SBRS,1095.40,32.36,34.00,204.31,2317.00,0.20,0.24,60.75,43.77,42.58,,2.46
100022700505W400,SBRS,1095.70,30.50,35.00,204.32,2249.50,0.24,0.25,56.61,44.76,37.57,,6.19
100022700505W400,SBRS,1096.10,31.51,34.60,204.59,2203.54,0.27,0.27,41.90,37.01,40.94,,2.16
100022700505W400,SWFT,1096.40,42.98,36.56,204.85,2299.50,0.21,0.25,31.55,25.77,29.59,,0.92
100022700505W400,SWFT,1096.70,56.60,39.34,205.10,2420.00,0.14,0.25,25.18,21.33,17.60,,1.52
100022700505W400,SWFT,1097.00,52.21,40.21,205.36,2387.00,0.16,0.26,20.00,18.42,18.17,,7.90
100022700505W400,SWFT,1097.20,45.00,40.81,205.39,2351.93,0.18,0.28,17.13,16.44,18.68,,3.39
100022700505W400,SWFT,1097.50,48.90,42.51,205.70,2371.87,0.16,0.28,15.56,15.28,17.76,,1.53
100022700505W400,SWFT,1097.80,56.40,41.80,205.26,2411.00,0.14,0.28,15.01,14.60,16.36,,1.34
100022700505W400,SWFT,1098.10,60.30,40.50,205.05,2420.50,0.14,0.27,14.74,13.95,15.85,,2.30
100022700505W400,SWFT,1098.40,59.25,40.80,206.06,2395.96,0.15,0.28,14.80,14.01,15.71,,0.91
100022700505W400,SWFT,1098.70,55.77,40.20,205.81,2373.74,0.17,0.30,15.07,14.53,16.29,,1.86
100022700505W400,SWFT,1099.00,55.91,43.60,204.80,2359.09,0.18,0.28,15.42,15.07,16.51,,1.72
100022700505W400,SWFT,1099.30,57.09,47.69,205.35,2367.63,0.17,0.27,15.69,15.62,18.24,,2.19
100022700505W400,SWFT,1099.60,60.07,48.59,205.41,2403.24,0.15,0.25,15.96,15.52,16.70,,0.97
100022700505W400,SWFT,1099.90,60.02,48.29,205.72,2402.09,0.15,0.28,16.08,15.22,16.01,,1.54
100022700505W400,SWFT,1100.10,60.30,48.49,205.75,2394.00,0.15,0.26,15.92,14.94,16.97,,0.98
100022700505W400,SWFT,1100.30,63.18,48.79,206.02,2383.96,0.16,0.26,15.64,14.74,16.36,,0.92
100022700505W400,SWFT,1100.70,66.82,48.99,206.04,2361.24,0.18,0.28,15.14,14.60,16.22,,1.71
100022700505W400,SWFT,1100.90,76.78,50.00,206.05,2371.25,0.17,0.28,15.14,14.60,15.78,,3.14
100022700505W400,SWFT,1101.30,95.61,50.67,206.06,2359.09,0.18,0.26,15.01,14.80,16.90,,0.78
100041100505W400,LMNV,1095.90,60.14,-37.45,249.94,1958.70,0.42,0.40,5.48,5.69,5.23,305.47,0.52
100041100505W400,SBRS,1096.40,51.44,-41.90,296.55,2220.10,0.26,0.32,6.57,7.32,7.36,265.70,0.41
100041100505W400,SBRS,1096.70,50.96,-48.19,227.99,2344.45,0.19,0.26,7.91,8.86,9.40,261.76,0.60
100041100505W400,SBRS,1097.40,47.33,-57.98,201.50,2571.50,0.05,0.20,12.07,13.89,18.73,220.87,0.55
100041100505W400,SBRS,1097.60,47.98,-59.97,200.58,2636.70,0.01,0.20,14.26,16.08,27.81,225.32,0.49
100041100505W400,SBRS,1097.80,48.63,-65.46,200.48,2558.70,0.06,0.22,16.51,19.35,32.86,241.40,0.82
100041100505W400,SBRS,1098.20,51.75,-73.79,201.70,2414.60,0.14,0.25,18.43,20.83,22.48,265.81,0.55
100041100505W400,SBRS,1098.40,49.82,-74.73,202.70,2390.40,0.16,0.25,19.15,20.37,20.73,272.66,1.13
100041100505W400,SBRS,1098.60,44.87,-73.61,203.53,2334.70,0.19,0.27,18.77,20.37,19.65,275.83,7.08
100041100505W400,SBRS,1098.80,47.09,-67.71,203.23,2307.90,0.21,0.26,16.98,19.40,25.18,274.61,2.24
100041100505W400,SWFT,1099.40,93.59,-49.44,200.45,2499.40,0.09,0.27,14.28,15.19,20.85,287.44,0.34
100041100505W400,SWFT,1099.90,101.66,-42.28,203.73,2414.80,0.14,0.34,11.97,12.78,15.35,277.92,0.60
100041100505W400,SWFT,1100.40,100.20,-47.58,204.45,2398.90,0.15,0.32,12.22,12.65,16.18,300.78,0.72
100041100505W400,SWFT,1101.20,127.00,-45.30,201.90,2415.90,0.14,0.33,7.90,7.96,13.41,315.00,0.52
100041100505W400,SWFT,1102.40,137.63,-34.74,224.63,2344.80,0.19,0.34,4.51,4.66,4.57,322.13,2.55
100142200505W400,MNVL,1091.30,54.45,-6.95,234.50,2166.21,0.29,0.53,1.39,1.53,1.82,396.36,1.28
100142200505W400,SBRS,1092.30,54.05,-12.42,228.00,2475.12,0.18,0.37,2.99,3.31,2.47,259.01,1.22
100142200505W400,SBRS,1092.60,55.50,-15.50,228.13,2504.71,0.12,0.28,4.11,4.79,4.69,264.31,1.44
100142200505W400,SBRS,1093.00,68.75,-21.46,230.13,2485.37,0.09,0.26,10.87,10.64,13.61,267.17,0.88
100142200505W400,SBRS,1093.30,60.39,-23.46,229.75,2466.94,0.09,0.29,14.52,13.77,15.70,269.32,1.63
100142200505W400,SBRS,1093.60,57.71,-25.21,229.75,2459.20,0.11,0.30,15.26,15.13,15.99,271.31,2.55
100142200505W400,SBRS,1093.90,63.04,-26.60,228.94,2461.83,0.12,0.29,15.07,15.79,16.32,272.54,1.54
100142200505W400,SBRS,1094.10,67.52,-28.61,228.56,2473.24,0.12,0.30,15.27,16.28,16.85,273.37,1.19
100142200505W400,SBRS,1094.60,67.13,-32.25,226.25,2457.83,0.10,0.29,15.37,16.23,17.74,277.06,2.15
100142200505W400,SBRS,1095.20,64.62,-37.75,229.00,2422.21,0.12,0.30,16.17,16.93,17.99,285.89,1.67
100142200505W400,SBRS,1095.70,66.71,-39.50,227.88,2410.39,0.15,0.30,17.84,18.26,21.31,291.65,2.28
100142200505W400,SBRS,1095.90,71.31,-39.00,227.88,2402.38,0.15,0.30,18.43,18.59,21.73,293.32,3.60
100142200505W400,SBRS,1096.20,62.93,-38.00,228.50,2378.55,0.15,0.30,19.07,19.31,21.47,295.83,4.08
100142200505W400,SBRS,1096.50,54.20,-37.85,228.56,2370.68,0.16,0.30,19.90,19.27,21.93,297.69,2.30
100142200505W400,SBRS,1096.70,52.91,-38.74,227.63,2363.01,0.16,0.29,20.10,19.79,22.13,298.85,2.22
100142200505W400,SBRS,1097.00,54.87,-40.00,226.50,2350.77,0.17,0.29,20.54,20.22,23.35,300.60,1.98
100142200505W400,SBRS,1097.30,55.26,-41.90,226.25,2351.91,0.18,0.31,20.26,20.10,23.34,302.34,2.32
100142200505W400,SBRS,1097.40,55.19,-42.79,226.25,2353.19,0.18,0.32,20.13,19.95,22.59,302.93,4.80
100142200505W400,SBRS,1097.70,52.48,-44.29,226.94,2350.95,0.18,0.30,20.10,19.53,21.70,304.74,1.81
100142200505W400,SBRS,1098.00,46.50,-46.07,227.00,2323.77,0.18,0.30,20.09,19.08,19.24,306.52,1.90
100142200505W400,SBRS,1098.20,44.21,-45.32,227.00,2310.01,0.20,0.32,20.09,19.71,19.67,304.47,3.74
100142200505W400,SBRS,1098.40,41.34,-44.57,226.88,2318.88,0.21,0.32,19.73,20.33,20.89,302.41,1.66
100142200505W400,SBRS,1098.70,39.80,-42.95,221.56,2338.65,0.20,0.31,19.65,20.16,24.09,302.31,7.26
100142200505W400,SBRS,1099.30,42.38,-42.81,225.94,2342.35,0.18,0.31,19.07,18.94,20.05,303.00,5.60
100142200505W400,SBRS,1099.50,41.96,-43.04,224.94,2336.36,0.18,0.32,18.95,19.21,19.63,303.15,2.57
100142200505W400,SBRS,1099.70,41.82,-42.68,225.25,2339.35,0.19,0.32,19.12,19.72,20.87,302.07,2.17
100142200505W400,SBRS,1099.80,41.43,-42.32,225.25,2345.73,0.20,0.32,19.35,20.06,21.61,300.96,1.59
100142200505W400,SBRS,1099.90,42.31,-40.57,224.63,2353.95,0.20,0.32,19.24,21.02,24.04,299.85,2.25
100142200505W400,SBRS,1100.00,43.19,-38.82,224.00,2362.16,0.19,0.32,19.14,21.99,26.46,298.75,3.37
100142200505W400,SBRS,1100.10,43.22,-38.20,223.50,2369.44,0.19,0.32,19.07,21.59,27.25,297.41,3.86
100142200505W400,SBRS,1100.30,46.16,-36.82,225.13,2382.41,0.18,0.30,19.19,20.55,26.88,294.49,6.23
100142200505W400,SBRS,1100.50,54.11,-34.43,227.75,2384.71,0.17,0.32,18.87,19.32,21.70,291.35,2.85
100142200505W400,SBRS,1101.30,64.98,-24.77,229.19,2556.31,0.13,0.33,13.51,14.85,16.77,309.54,2.08
100082700505W400,LMNV,1098.10,51.41,-66.38,212.10,2395.59,0.15,0.26,17.33,18.31,20.95,255.30,1.06
100082700505W400,LMNV,1098.30,56.15,-64.86,212.10,2394.97,0.16,0.26,16.09,16.79,18.41,254.73,1.22
100082700505W400,LMNV,1098.40,56.96,-63.72,212.10,2402.66,0.17,0.26,15.38,16.18,17.28,253.20,1.07
100082700505W400,LMNV,1098.60,58.98,-56.72,212.10,2425.57,0.14,0.27,13.57,13.82,17.86,250.14,0.96
100082700505W400,LMNV,1098.90,60.96,-51.02,212.10,2436.55,0.13,0.28,13.15,12.82,14.35,259.68,1.95
100082700505W400,LMNV,1099.90,52.80,-53.00,212.10,2420.78,0.13,0.25,14.31,14.51,19.79,260.70,1.06
100082700505W400,LMNV,1100.20,54.23,-61.76,212.10,2401.46,0.15,0.28,14.40,13.79,17.09,270.08,1.37
100082700505W400,LMNV,1100.50,62.09,-71.13,212.10,2401.80,0.15,0.27,15.02,13.49,14.39,262.34,1.03
100082700505W400,SBRS,1101.30,46.22,-71.57,212.10,2268.86,0.23,0.26,27.44,26.44,30.56,256.40,5.02
100082700505W400,SBRS,1101.70,32.00,-65.09,212.10,2302.03,0.22,0.26,42.69,40.93,78.44,280.71,2.36
100082700505W400,SBRS,1102.00,32.84,-63.57,212.10,2343.44,0.18,0.25,58.86,46.93,70.96,291.19,2.47
100082700505W400,SBRS,1102.30,33.90,-63.11,212.10,2253.50,0.19,0.25,67.96,49.58,62.77,285.89,4.68
100082700505W400,SBRS,1102.60,31.70,-62.72,212.10,2158.70,0.25,0.28,77.52,62.32,68.71,288.00,6.63
100082700505W400,SBRS,1102.80,32.31,-62.47,212.10,2136.24,0.28,0.31,78.17,71.23,82.99,306.86,5.51
100082700505W400,SBRS,1103.60,32.01,-61.44,212.10,2302.97,0.23,0.27,59.30,51.27,77.88,302.46,3.34
100082700505W400,SBRS,1104.20,28.64,-58.79,212.10,2241.43,0.19,0.25,45.86,38.60,45.61,274.25,1.83
100082700505W400,SBRS,1104.40,27.77,-57.69,212.10,2214.80,0.24,0.29,50.84,47.10,92.60,288.54,6.58
100082700505W400,SBRS,1104.60,26.43,-57.19,212.10,2205.29,0.27,0.30,55.09,53.44,142.37,294.15,2.65
100082700505W400,SBRS,1104.90,21.80,-55.33,212.10,2177.72,0.28,0.30,83.54,69.97,145.91,300.19,7.03
100082700505W400,SBRS,1105.10,20.88,-53.94,212.10,2159.81,0.30,0.31,103.91,83.43,110.38,309.39,8.44
100082700505W400,SBRS,1105.20,23.81,-53.44,212.10,2153.88,0.31,0.32,107.21,87.30,112.37,314.52,8.60
100082700505W400,SBRS,1105.40,31.25,-52.91,212.10,2202.46,0.31,0.30,84.85,90.00,96.88,315.65,13.69
100082700505W400,SBRS,1105.50,35.78,-52.55,212.10,2232.84,0.29,0.30,75.20,80.81,89.94,309.55,7.39
100082700505W400,SWFT,1105.90,56.87,-47.71,212.10,2432.82,0.10,0.30,36.46,32.94,40.09,277.95,2.75
100082700505W400,SWFT,1106.20,69.02,-44.47,212.10,2449.24,0.09,0.30,27.15,23.43,25.72,271.62,1.88
100082700505W400,SWFT,1106.40,65.75,-38.69,212.10,2434.48,0.11,0.30,19.71,17.07,16.73,275.83,2.99
100082700505W400,SWFT,1106.60,64.91,-37.94,212.10,2438.59,0.13,0.29,17.66,15.64,14.74,280.04,2.32
100082700505W400,SWFT,1106.80,65.87,-38.94,212.10,2442.70,0.13,0.29,16.08,14.68,14.85,281.40,2.51
100082700505W400,SWFT,1107.10,69.24,-36.97,212.10,2440.33,0.12,0.30,14.24,13.36,15.05,280.31,2.68
100082700505W400,SWFT,1107.40,63.86,-36.00,212.10,2428.63,0.12,0.28,14.22,13.06,14.07,281.16,2.18
100082700505W400,SWFT,1107.60,64.52,-35.75,212.10,2420.83,0.13,0.30,14.07,13.32,13.85,278.10,2.03
100082700505W400,SWFT,1107.80,66.90,-35.75,212.10,2415.10,0.14,0.30,14.28,13.48,13.95,281.66,1.79
100082700505W400,SWFT,1108.10,71.31,-35.50,213.11,2404.29,0.14,0.30,14.65,13.81,14.69,281.99,1.87
100082700505W400,SWFT,1108.30,70.80,-35.40,214.13,2384.54,0.15,0.30,15.26,14.34,15.03,283.28,1.79
100082700505W400,SWFT,1108.60,60.26,-36.04,214.13,2356.37,0.17,0.30,16.35,15.45,15.63,286.95,3.92
100082700505W400,SWFT,1108.80,55.01,-36.82,214.13,2343.97,0.18,0.28,17.16,16.14,17.86,285.01,1.50
100082700505W400,SWFT,1109.10,51.44,-36.70,214.13,2329.52,0.18,0.30,18.39,17.63,19.95,290.18,2.80
100082700505W400,SWFT,1109.30,50.52,-36.42,214.13,2332.05,0.19,0.30,18.65,18.16,19.83,290.82,3.18
100082700505W400,SWFT,1109.60,54.22,-35.82,214.13,2335.53,0.19,0.29,19.14,17.76,20.83,291.53,3.37
100082700505W400,SWFT,1110.00,51.35,-34.82,214.13,2322.47,0.18,0.30,18.72,17.53,17.71,297.23,2.25
100082700505W400,SWFT,1110.20,53.29,-35.50,216.13,2317.80,0.20,0.29,18.32,17.60,18.48,295.28,3.21
100082700505W400,SWFT,1110.40,55.74,-35.50,216.13,2316.86,0.19,0.30,18.44,17.23,20.00,297.12,3.29
100082700505W400,SWFT,1110.70,56.75,-34.25,216.13,2324.63,0.20,0.30,17.84,17.28,18.93,301.15,3.86
100082700505W400,SWFT,1110.90,59.87,-33.75,216.13,2333.50,0.20,0.30,17.49,16.91,18.89,300.86,2.30
100082700505W400,SWFT,1111.20,80.43,-33.50,216.13,2345.72,0.20,0.30,16.91,16.14,18.63,295.67,1.80
100082700505W400,SWFT,1111.40,88.37,-32.75,216.13,2349.43,0.19,0.30,16.93,15.68,17.37,290.06,2.58
100082700505W400,SWFT,1111.70,84.38,-32.35,216.13,2341.47,0.18,0.30,16.45,15.92,16.09,291.46,3.62
100082700505W400,SWFT,1111.90,68.06,-32.46,216.13,2336.70,0.19,0.29,16.18,15.85,18.07,292.61,2.97
100082700505W400,SWFT,1112.10,68.43,-31.81,216.13,2333.08,0.19,0.28,15.54,15.40,18.46,293.58,2.29
100082700505W400,SWFT,1112.30,69.24,-30.55,216.13,2330.40,0.19,0.28,14.93,14.66,16.97,295.51,2.57
100082700505W400,SWFT,1113.10,80.06,-23.84,216.13,2331.52,0.19,0.32,11.99,11.31,10.94,304.64,2.09
100082700505W400,SWFT,1113.70,72.99,-25.35,216.13,2322.21,0.20,0.34,11.10,10.79,11.44,308.99,1.82
100082700505W400,SWFT,1114.00,68.28,-25.30,216.13,2333.35,0.19,0.32,10.70,10.69,12.83,306.34,2.06
100082700505W400,SWFT,1114.20,71.31,-23.82,216.13,2337.60,0.18,0.34,10.16,10.32,12.87,313.92,3.34
100031300505W400,SBRS,1127.10,59.11,-65.94,198.02,2439.10,0.13,0.31,10.42,11.26,11.73,278.96,0.45
100031300505W400,SBRS,1127.40,57.03,-70.70,195.55,2433.10,0.13,0.30,10.76,11.47,12.91,277.25,0.36
100031300505W400,SBRS,1127.70,51.98,-73.60,198.76,2427.10,0.14,0.29,11.06,11.89,15.56,277.78,0.37
100031300505W400,SBRS,1128.00,45.30,-82.08,198.27,2421.10,0.14,0.29,11.41,12.39,16.74,285.57,7.67
100031300505W400,SBRS,1128.20,42.00,-84.26,196.29,2377.90,0.17,0.30,12.11,12.79,14.40,295.11,1.29
100031300505W400,SBRS,1128.40,40.50,-84.95,194.55,2329.90,0.21,0.32,12.91,13.64,15.85,304.31,1.17
100031300505W400,SBRS,1128.70,38.25,-85.94,193.56,2265.40,0.23,0.32,14.14,14.94,22.75,311.18,2.11
100031300505W400,SBRS,1128.90,38.25,-86.73,193.07,2283.60,0.22,0.32,15.07,15.92,26.86,309.68,4.97
100031300505W400,SBRS,1129.20,40.48,-88.42,191.57,2292.60,0.23,0.32,16.45,17.06,26.99,308.41,2.34
100031300505W400,SBRS,1129.40,39.87,-89.51,189.57,2281.80,0.23,0.32,17.15,17.39,26.02,310.78,1.35
100031300505W400,SBRS,1130.00,39.95,-91.68,192.00,2298.90,0.22,0.33,19.45,17.83,26.77,315.03,0.19
100031300505W400,SBRS,1130.10,40.25,-92.08,192.24,2293.20,0.22,0.33,19.91,17.83,26.89,316.32,0.81
100031300505W400,SBRS,1130.30,42.18,-90.59,192.95,2280.60,0.24,0.32,20.74,18.58,26.65,320.26,0.51
100031300505W400,SBRS,1130.50,46.50,-87.82,193.91,2268.00,0.24,0.32,21.51,19.46,28.02,312.05,0.35
100031300505W400,SBRS,1130.60,50.25,-86.04,193.90,2261.70,0.24,0.31,22.01,19.91,30.00,301.20,1.73
100031300505W400,SBRS,1130.70,53.55,-83.17,193.13,2257.40,0.23,0.31,22.41,20.28,32.29,299.50,1.19
100031300505W400,SBRS,1131.00,63.86,-73.40,195.80,2338.60,0.20,0.31,22.41,21.42,38.40,294.56,1.60
100031300505W400,SBRS,1131.20,65.64,-69.41,194.06,2395.30,0.18,0.31,22.21,20.84,36.01,293.05,0.24
100031300505W400,SBRS,1131.30,64.75,-68.91,194.31,2386.20,0.17,0.32,21.91,20.09,31.98,294.53,1.39
100031300505W400,SBRS,1131.40,63.71,-69.11,194.31,2376.00,0.16,0.32,20.93,19.37,27.39,296.01,0.90
100031300505W400,SBRS,1131.70,61.34,-73.20,194.06,2345.40,0.17,0.33,18.58,17.51,18.93,304.26,0.87
100031300505W400,SBRS,1132.00,55.65,-77.30,194.06,2314.80,0.18,0.33,16.80,15.75,16.95,313.91,0.11
100031300505W400,SBRS,1132.20,56.70,-75.30,192.33,2294.40,0.21,0.32,15.75,14.84,16.72,305.35,2.30
100031300505W400,SBRS,1132.40,63.42,-67.62,195.30,2308.20,0.21,0.32,15.12,14.31,19.28,293.09,2.45
100031300505W400,SBRS,1132.60,72.62,-60.50,196.04,2362.80,0.17,0.31,14.98,13.98,23.56,286.59,1.88
100031300505W400,SBRS,1132.80,80.05,-56.63,197.03,2417.40,0.13,0.31,14.84,13.66,28.93,283.22,1.74
100031300505W400,SBRS,1133.10,79.31,-52.57,197.28,2499.30,0.11,0.32,13.79,13.54,19.37,279.87,1.43
100031300505W400,SBRS,1133.30,73.66,-53.37,196.29,2491.10,0.10,0.33,12.81,13.54,14.31,279.23,1.77
100031300505W400,SBRS,1133.50,64.31,-62.77,196.29,2455.70,0.11,0.33,12.24,13.48,14.57,281.56,1.19
100031300505W400,SBRS,1133.70,54.00,-74.00,196.29,2420.30,0.14,0.34,12.70,13.48,13.66,287.50,0.88
100031300505W400,SBRS,1133.90,45.75,-80.69,193.81,2384.90,0.17,0.33,12.70,13.42,10.91,295.29,1.68
100031300505W400,SBRS,1134.10,45.75,-82.28,193.81,2349.50,0.19,0.33,12.70,13.42,12.58,303.34,2.77
100031300505W400,SBRS,1134.40,52.35,-83.47,193.29,2225.00,0.20,0.33,12.93,13.66,21.81,314.17,1.82
100031300505W400,SBRS,1134.60,58.20,-85.05,193.53,2336.70,0.19,0.34,13.05,13.79,23.78,305.33,0.92
100031300505W400,SWFT,1134.80,62.82,-85.94,192.02,2364.10,0.20,0.35,13.23,13.98,20.84,299.86,0.91
100031300505W400,SWFT,1135.00,66.09,-83.96,194.00,2376.80,0.19,0.35,13.42,14.18,20.65,296.43,0.34
100031300505W400,SWFT,1135.20,68.16,-81.49,193.47,2371.60,0.17,0.34,13.41,14.17,21.03,298.84,0.27
100031300505W400,SWFT,1135.50,80.50,-73.90,192.17,2363.00,0.18,0.33,13.40,14.16,22.31,296.74,0.34
100031300505W400,SWFT,1135.80,102.62,-64.06,193.36,2404.00,0.14,0.31,13.20,14.09,22.41,286.71,0.43
100031300505W400,SWFT,1136.10,124.02,-52.97,197.03,2449.60,0.13,0.31,11.98,12.83,18.92,283.18,0.25
100031300505W400,SWFT,1136.30,135.93,-46.63,197.03,2480.00,0.11,0.33,11.12,11.98,15.09,285.39,0.30
100031300505W400,SWFT,1136.60,146.82,-39.21,197.03,2484.00,0.11,0.36,10.09,10.82,12.14,293.54,0.69
100031300505W400,SWFT,1137.00,124.15,-32.67,198.27,2461.20,0.12,0.40,8.84,9.47,9.95,303.77,0.39
100031300505W400,SWFT,1137.50,91.34,-29.12,198.02,2447.20,0.13,0.47,7.47,8.00,9.91,312.98,0.55
100122800505W400,SBRS,1049.20,55.86,-19.80,208.91,2306.27,0.22,0.40,3.06,3.14,3.17,,0.23
100122800505W400,SBRS,1049.40,53.47,-26.50,198.00,2398.41,0.17,0.32,4.36,4.48,9.60,,0.39
100122800505W400,SBRS,1049.60,52.75,-29.70,193.25,2410.95,0.15,0.25,6.68,6.87,19.13,,0.37
100122800505W400,SBRS,1049.80,53.17,-32.10,193.25,2419.70,0.14,0.25,10.72,11.02,24.19,,0.46
100122800505W400,SBRS,1050.00,51.26,-34.20,193.50,2426.27,0.14,0.26,14.41,14.74,23.08,,0.53
100122800505W400,SBRS,1050.10,50.06,-35.20,193.74,2430.25,0.14,0.25,16.70,16.78,25.30,,1.03
100122800505W400,SBRS,1050.30,49.70,-36.80,192.71,2452.54,0.12,0.24,20.47,21.33,24.38,,0.15
100122800505W400,SBRS,1050.50,51.50,-40.10,190.93,2480.60,0.11,0.23,22.34,27.11,27.23,,2.84
100122800505W400,SBRS,1050.70,48.80,-45.38,189.40,2450.55,0.11,0.22,24.38,34.48,63.46,,1.74
100122800505W400,SBRS,1050.90,43.06,-51.37,188.63,2421.89,0.13,0.22,26.49,43.42,104.73,,1.18
100122800505W400,SBRS,1051.10,39.53,-56.24,188.61,2387.46,0.15,0.22,30.42,53.38,119.75,,1.53
100122800505W400,SBRS,1051.30,40.67,-59.51,189.36,2358.61,0.17,0.22,35.13,58.07,117.01,,1.22
100122800505W400,SBRS,1051.50,44.68,-61.40,188.86,2334.33,0.19,0.24,40.55,62.29,107.18,,0.57
100122800505W400,SBRS,1052.00,41.57,-62.50,189.36,2263.09,0.23,0.28,46.91,98.18,163.20,,2.27
100122800505W400,SBRS,1052.20,36.07,-62.30,189.34,2231.24,0.25,0.29,53.38,121.98,256.50,,1.89
100122800505W400,SBRS,1052.40,33.55,-62.30,190.31,2250.55,0.25,0.29,61.99,151.57,387.42,,2.93
100122800505W400,SBRS,1052.60,34.39,-62.10,190.29,2253.93,0.24,0.29,67.75,167.79,420.99,,2.46
100122800505W400,SBRS,1052.90,34.99,-61.90,189.76,2249.95,0.24,0.28,68.70,141.42,294.52,,1.91
100122800505W400,SBRS,1053.10,34.93,-61.10,189.50,2250.95,0.24,0.28,67.12,111.21,184.89,,2.19
100122800505W400,SBRS,1053.30,34.81,-60.70,189.75,2255.52,0.24,0.29,64.66,97.29,134.41,,2.19
100122800505W400,SBRS,1053.50,33.61,-60.40,190.25,2251.94,0.24,0.29,59.72,89.59,124.83,,1.28
100122800505W400,SBRS,1053.70,32.54,-59.41,189.00,2236.22,0.25,0.30,54.64,76.75,118.65,,2.42
100122800505W400,SBRS,1053.90,32.84,-57.82,187.75,2232.24,0.25,0.30,54.14,66.18,96.84,,3.75
100122800505W400,SBRS,1054.10,32.72,-56.04,187.25,2240.60,0.25,0.31,53.38,71.28,78.88,,0.94
100122800505W400,SBRS,1054.20,32.12,-54.17,187.50,2240.60,0.25,0.31,52.87,73.92,74.61,,0.44
100122800505W400,SBRS,1054.30,31.64,-51.99,187.75,2219.10,0.26,0.31,50.00,75.96,74.23,,4.10
100122800505W400,SBRS,1054.50,32.72,-48.11,188.75,2184.88,0.28,0.30,44.16,66.66,89.59,,1.17
100122800505W400,SBRS,1054.60,35.23,-46.32,189.25,2204.38,0.27,0.29,38.09,56.11,88.76,,5.71
100122800505W400,SBRS,1054.80,45.63,-41.46,190.00,2292.54,0.22,0.27,30.60,39.31,60.07,,7.51
100122800505W400,SWFT,1055.00,57.90,-37.50,191.00,2448.56,0.17,0.26,25.54,26.25,36.46,,0.58
100122800505W400,SWFT,1055.20,70.22,-33.40,191.97,2500.50,0.09,0.27,21.24,21.83,21.04,,0.27
100122800505W400,SWFT,1055.50,75.00,-30.20,191.67,2440.00,0.12,0.30,16.33,16.79,14.96,,0.25
100122800505W400,SWFT,1055.80,72.61,-31.00,191.13,2449.55,0.12,0.33,14.82,15.23,16.78,,0.60
100122800505W400,SWFT,1056.00,73.80,-30.70,190.85,2460.90,0.12,0.33,13.95,14.34,18.40,,0.61
100122800505W400,SWFT,1056.30,75.60,-29.11,191.09,2438.41,0.12,0.32,13.44,13.82,17.57,,0.81
100122800505W400,SWFT,1056.50,77.27,-28.12,192.08,2426.07,0.13,0.31,13.26,13.63,16.55,,1.60
100122800505W400,SWFT,1056.80,79.96,-27.13,193.32,2406.57,0.14,0.31,13.01,13.38,14.74,,1.33
100122800505W400,SWFT,1057.00,79.07,-26.63,194.31,2393.63,0.15,0.31,12.89,13.26,14.74,,1.40
100122800505W400,SWFT,1057.30,82.36,-25.35,194.54,2405.97,0.15,0.31,12.66,13.01,14.41,,1.11
100122800505W400,SWFT,1057.60,89.41,-24.55,194.03,2400.60,0.15,0.30,12.83,13.20,13.88,,0.69
100122800505W400,SWFT,1057.80,86.72,-25.05,193.02,2387.07,0.16,0.31,13.07,13.44,14.14,,1.10
100122800505W400,SWFT,1058.10,79.96,-25.94,190.00,2352.44,0.18,0.33,12.95,13.32,16.47,,1.90
100122800505W400,SWFT,1058.40,79.49,-25.64,190.50,2335.92,0.18,0.33,12.83,13.20,16.40,,1.57
100122800505W400,SWFT,1058.70,86.42,-22.18,192.50,2367.76,0.17,0.34,12.60,12.95,14.81,,1.01
100122800505W400,SWFT,1059.10,88.64,-18.40,195.25,2372.34,0.17,0.35,11.59,11.92,12.14,,0.78
102061500505W400,SBRS,1078.20,52.28,-25.50,195.50,2408.32,0.15,0.30,5.92,6.87,8.60,,0.18
102061500505W400,SBRS,1078.90,42.45,-48.08,196.00,2509.50,0.09,0.18,13.33,18.26,45.56,,1.25
102061500505W400,SBRS,1079.10,41.09,-53.76,196.24,2489.09,0.10,0.19,15.35,23.49,56.28,,0.25
102061500505W400,SBRS,1079.30,38.83,-58.81,196.44,2440.93,0.12,0.21,17.66,27.08,52.51,,0.45
102061500505W400,SBRS,1079.70,44.46,-60.30,195.37,2368.67,0.18,0.25,20.78,33.84,48.70,,1.13
102061500505W400,SBRS,1079.90,45.92,-60.30,194.58,2337.00,0.21,0.25,21.54,35.71,57.10,,2.73
102061500505W400,SBRS,1080.10,40.70,-60.50,193.33,2305.00,0.23,0.24,22.34,37.52,66.79,,3.56
102061500505W400,SBRS,1080.30,37.30,-60.20,193.36,2278.50,0.22,0.24,23.07,38.22,76.66,,1.57
102061500505W400,SBRS,1080.50,36.27,-59.40,194.64,2293.50,0.21,0.25,22.97,36.68,67.02,,9.35
102061500505W400,SBRS,1080.70,39.27,-58.20,196.68,2318.50,0.20,0.26,22.24,34.25,58.38,,0.75
102061500505W400,SBRS,1080.90,42.73,-56.30,198.72,2318.50,0.20,0.26,21.63,31.98,51.62,,0.32
102061500505W400,SWFT,1081.20,48.56,-51.20,198.50,2318.50,0.20,0.27,17.93,23.94,45.56,,1.42
100122500507W400,LMNV,925.40,74.75,-30.90,209.66,2424.04,0.15,0.17,8.79,8.39,7.78,,0.86
100122500507W400,SBRS,925.60,62.88,-37.20,209.66,2416.56,0.16,0.21,9.47,9.08,7.96,,0.48
100122500507W400,SBRS,926.00,27.89,-54.75,209.92,2276.00,0.25,0.27,10.71,10.71,10.57,,1.94
100122500507W400,SBRS,926.20,24.98,-58.18,209.43,2206.60,0.27,0.25,11.80,11.53,11.80,,9.48
100122500507W400,SBRS,926.40,41.74,-57.98,209.18,2229.06,0.24,0.22,13.05,12.41,13.11,,9.62
100122500507W400,SBRS,926.70,47.12,-58.38,208.44,2283.50,0.22,0.19,15.19,13.42,14.24,,5.28
100122500507W400,SBRS,927.00,41.68,-51.82,207.95,2292.00,0.20,0.13,15.33,13.66,13.42,,7.21
100122500507W400,SBRS,927.30,47.51,-43.50,207.71,2371.60,0.14,0.09,15.19,14.11,13.66,,7.51
100122500507W400,SBRS,928.10,51.35,-49.20,207.72,2518.00,0.10,0.16,16.57,15.90,16.27,,2.52
100122500507W400,SBRS,928.50,32.83,-53.23,207.73,2417.85,0.17,0.21,20.19,17.83,16.19,,1.37
100122500507W400,SBRS,928.80,22.95,-60.70,207.98,2321.50,0.23,0.26,21.33,20.37,20.94,,0.62
100122500507W400,SBRS,929.00,19.97,-62.00,208.23,2260.00,0.25,0.26,21.93,21.43,22.75,,0.98
100122500507W400,SBRS,929.30,19.23,-61.20,206.99,2219.76,0.26,0.22,21.73,20.56,20.75,,2.97
100122500507W400,SBRS,929.50,19.51,-58.69,206.99,2223.73,0.24,0.18,21.33,19.55,18.41,,2.94
100122500507W400,SBRS,929.80,22.36,-48.80,207.50,2275.00,0.20,0.14,19.19,18.00,16.34,,2.69
100122500507W400,SBRS,930.10,30.60,-40.41,208.00,2377.78,0.14,0.11,16.65,16.42,15.75,,0.49
100122500507W400,SBRS,931.30,26.54,-56.10,208.25,2401.50,0.18,0.17,13.23,12.70,12.93,,0.82
100122500507W400,SBRS,933.20,30.06,-54.30,208.25,2349.00,0.16,0.12,11.91,11.74,12.30,,0.37
100043100504W400,LMNV,1186.00,48.96,20.35,203.40,2202.03,0.15,0.30,3.15,3.29,5.73,,0.36
100043100504W400,LMNV,1186.40,40.35,19.07,200.60,2481.05,0.15,0.27,3.77,4.18,6.53,,0.79
100043100504W400,LMNV,1186.70,45.75,17.39,200.75,2412.94,0.20,0.30,4.15,4.39,5.51,,0.38
100043100504W400,LMNV,1187.60,64.24,13.16,211.63,2302.63,0.21,0.35,4.59,4.81,5.62,,0.24
100043100504W400,SBRS,1188.00,64.62,6.47,201.75,2339.35,0.19,0.33,5.22,5.33,6.13,,0.28
100043100504W400,SBRS,1188.40,59.52,3.99,205.48,2363.12,0.17,0.31,6.19,6.14,6.75,,0.27
100043100504W400,SBRS,1188.70,56.07,-0.30,202.45,2368.14,0.17,0.30,6.97,6.86,7.52,,0.30
100043100504W400,SBRS,1189.10,54.27,-11.51,196.57,2372.32,0.17,0.29,8.47,8.31,9.30,,0.51
100043100504W400,SBRS,1189.40,53.76,-22.58,195.38,2368.80,0.17,0.29,9.84,9.84,10.76,,0.23
100043100504W400,SBRS,1189.60,49.75,-26.24,195.59,2363.84,0.18,0.28,10.95,11.08,12.03,,0.25
100043100504W400,SBRS,1189.90,42.89,-31.93,196.22,2341.70,0.20,0.27,12.62,13.83,14.64,,1.71
100043100504W400,SBRS,1190.20,36.08,-42.51,197.07,2306.61,0.22,0.27,14.54,17.25,19.70,,6.05
100043100504W400,SBRS,1190.70,35.42,-34.24,197.90,2282.64,0.22,0.25,15.97,18.70,21.80,,7.43
100043100504W400,SBRS,1191.40,45.52,-33.05,197.92,2415.68,0.14,0.25,13.35,13.69,13.93,,0.23
100043100504W400,SBRS,1191.80,52.40,-40.25,198.00,2434.80,0.13,0.26,12.72,13.18,13.16,,0.96
100043100504W400,SWFT,1192.10,59.70,-33.19,197.71,2359.52,0.15,0.27,13.62,14.07,14.45,,0.32
100043100504W400,SWFT,1192.40,58.83,-25.58,197.34,2321.90,0.18,0.28,15.36,15.74,17.42,,0.62
100043100504W400,SWFT,1192.90,65.35,-25.61,196.40,2333.75,0.19,0.26,17.05,17.37,20.80,,3.89
100043100504W400,SWFT,1193.50,74.67,-27.46,196.53,2376.14,0.17,0.27,15.45,14.45,15.56,,0.42
100051300505W400,MNVL,1179.20,31.63,-17.50,201.98,2429.50,0.17,0.49,2.59,2.86,2.47,255.50,0.72
100051300505W400,MNVL,1179.40,35.20,-23.58,200.50,2405.50,0.14,0.35,3.31,3.98,5.09,256.17,0.67
100051300505W400,SBRS,1179.50,38.32,-26.56,200.50,2387.13,0.16,0.31,3.93,4.59,6.97,258.67,2.17
100051300505W400,SBRS,1179.60,41.44,-29.56,200.50,2387.13,0.17,0.28,4.86,5.39,9.55,252.84,2.37
100051300505W400,SBRS,1180.00,47.10,-31.58,200.75,2567.00,0.08,0.21,10.05,9.47,12.72,221.10,0.81
100051300505W400,SBRS,1181.20,48.60,-40.90,201.98,2499.00,0.08,0.23,14.11,16.41,18.11,248.48,0.46
100051300505W400,SBRS,1181.60,45.15,-50.70,198.25,2448.50,0.12,0.26,13.33,15.21,19.72,279.88,1.07
100051300505W400,SBRS,1181.80,39.95,-55.90,198.25,2366.83,0.14,0.28,12.96,14.65,25.30,290.66,1.34
100051300505W400,SBRS,1182.00,40.25,-57.70,198.25,2335.00,0.18,0.29,12.54,13.98,26.37,293.23,3.10
100051300505W400,SBRS,1182.30,42.48,-56.70,198.25,2378.71,0.18,0.30,12.08,13.40,21.93,288.54,3.80
100051300505W400,SBRS,1182.50,42.18,-54.40,198.25,2418.50,0.15,0.31,11.79,12.66,18.11,285.50,0.67
100051300505W400,SBRS,1182.60,45.90,-53.00,198.25,2433.50,0.14,0.32,11.63,12.42,15.95,286.64,1.88
100051300505W400,SBRS,1182.90,49.05,-50.50,195.50,2402.50,0.15,0.33,11.25,11.96,12.54,309.82,1.83
100051300505W400,SBRS,1184.40,39.95,-77.00,199.25,2334.00,0.19,0.33,10.84,11.41,16.18,317.91,1.17
100051300505W400,SBRS,1184.60,38.76,-71.30,199.25,2319.00,0.21,0.33,11.04,11.52,17.53,324.90,0.42
100051300505W400,SBRS,1184.80,36.39,-67.82,199.26,2332.00,0.19,0.34,11.41,12.02,18.72,319.72,1.22
100051300505W400,SWFT,1185.00,38.76,-64.26,199.26,2375.74,0.18,0.33,11.79,12.60,19.26,306.76,1.06
100051300505W400,SWFT,1185.10,42.04,-61.98,199.51,2397.53,0.18,0.33,11.96,12.90,19.35,300.06,1.89
100051300505W400,SWFT,1185.20,44.58,-59.60,200.00,2412.00,0.17,0.34,11.96,13.15,20.19,291.87,1.45
100051300505W400,SWFT,1185.30,48.48,-56.10,200.50,2434.00,0.16,0.34,11.96,13.46,21.43,283.68,2.34
100051300505W400,SWFT,1186.30,95.25,-26.24,215.25,2430.50,0.11,0.34,8.04,9.04,8.00,303.54,0.66
100051300505W400,SWFT,1186.90,98.85,-24.36,226.49,2392.08,0.15,0.34,6.56,7.10,7.56,306.63,0.56
100051300505W400,SWFT,1187.50,126.90,-22.08,244.80,2394.55,0.16,0.36,5.83,6.35,6.81,304.47,0.50
100051300505W400,SWFT,1188.10,88.05,-20.59,237.87,2398.52,0.15,0.38,5.44,5.94,6.00,324.01,0.60
100051300505W400,SWFT,1188.60,73.96,-19.70,255.50,2296.00,0.22,0.38,5.09,5.52,5.75,309.58,0.59
100051300505W400,SWFT,1188.70,73.66,-19.70,251.25,2301.00,0.21,0.39,5.05,5.44,5.86,319.93,0.76
100051300505W400,SWFT,1188.80,73.37,-19.80,248.52,2398.52,0.18,0.39,4.98,5.36,6.00,323.54,1.10
100051300505W400,SWFT,1189.20,72.64,-19.70,279.95,2420.50,0.14,0.40,4.61,5.09,5.14,311.67,0.56
100051300505W400,SWFT,1189.80,74.52,-18.91,275.00,2346.50,0.19,0.41,4.42,4.68,5.29,326.49,0.67
100051300505W400,SWFT,1190.50,74.70,-19.60,285.44,2318.50,0.21,0.42,4.22,4.51,4.84,323.74,0.47
100051300505W400,SWFT,1196.60,74.24,-17.10,253.75,2344.00,0.19,0.45,2.91,3.30,4.03,335.82,0.63
100051300505W400,SWFT,1196.90,74.39,-16.60,275.25,2296.00,0.22,0.45,2.82,3.16,3.31,338.21,1.27
100051300505W400,SWFT,1197.10,76.65,-16.50,246.29,2272.50,0.24,0.45,2.76,3.03,3.17,344.59,1.11
100051300505W400,SWFT,1197.40,78.00,-16.60,236.63,2345.00,0.22,0.44,2.70,2.85,2.99,356.44,0.32
100051300505W400,SWFT,1197.60,77.85,-16.50,224.00,2343.50,0.19,0.45,2.73,2.88,2.90,355.00,1.18
100051300505W400,SWFT,1197.80,78.30,-16.70,235.40,2330.00,0.20,0.46,2.82,2.93,3.06,349.59,0.87
100051300505W400,SWFT,1198.10,82.35,-17.40,227.23,2351.49,0.18,0.46,2.97,3.23,3.93,346.46,0.56
100051300505W400,SWFT,1198.50,80.10,-18.10,236.39,2285.00,0.20,0.44,3.29,3.65,3.50,320.92,1.66
100051300505W400,SWFT,1198.80,75.90,-19.70,240.10,2242.00,0.25,0.46,3.58,4.00,4.39,289.01,1.61
100051300505W400,SWFT,1199.00,75.45,-20.99,229.46,2246.50,0.24,0.44,3.78,4.25,5.31,283.50,0.48
100052700505W400,SBRS,1113.90,67.94,-18.69,200.00,2383.00,0.16,0.27,19.28,19.91,20.19,,5.79
100052700505W400,SBRS,1114.10,66.62,-20.20,200.02,2352.00,0.19,0.28,18.67,19.28,19.82,,5.61
100052700505W400,SBRS,1114.40,60.15,-22.21,200.09,2332.00,0.19,0.28,18.41,19.02,19.46,,5.17
100052700505W400,SBRS,1114.70,50.11,-24.43,200.16,2305.00,0.21,0.27,19.28,19.91,20.56,,7.72
100052700505W400,SBRS,1114.90,51.90,-26.35,200.21,2295.50,0.21,0.27,19.73,20.37,19.91,,0.71
100052700505W400,SBRS,1115.20,54.72,-27.88,200.25,2332.00,0.19,0.28,20.28,20.94,19.91,,6.92
100052700505W400,SBRS,1115.60,45.74,-29.60,200.00,2294.50,0.22,0.29,20.94,21.73,22.97,,0.71
100052700505W400,SBRS,1115.80,44.12,-30.50,200.00,2262.00,0.23,0.29,21.24,22.13,23.28,,7.72
100052700505W400,SBRS,1115.90,43.97,-31.10,200.00,2256.50,0.24,0.29,21.43,22.24,23.50,,0.71
100052700505W400,SBRS,1116.00,43.82,-31.30,200.00,2264.00,0.24,0.28,21.63,22.34,23.72,,6.25
100052700505W400,SBRS,1116.20,47.67,-31.70,200.00,2313.00,0.22,0.28,21.14,22.75,23.94,,4.04
100052700505W400,SBRS,1116.30,51.54,-31.50,200.00,2331.50,0.21,0.28,20.75,22.65,23.61,,7.98
100052700505W400,SBRS,1116.40,54.51,-31.30,200.00,2350.00,0.19,0.28,20.56,21.93,22.65,,7.72
100052700505W400,SWFT,1116.70,60.74,-30.30,199.02,2384.50,0.16,0.29,19.73,19.91,20.28,,1.48
100052700505W400,SWFT,1116.80,60.59,-29.90,198.78,2388.00,0.16,0.29,19.46,19.28,19.73,,0.82
100052700505W400,SWFT,1117.00,59.26,-28.99,198.78,2395.00,0.16,0.29,18.93,18.67,19.37,,0.87
100052700505W400,SWFT,1117.30,62.06,-27.27,198.83,2394.50,0.15,0.29,18.17,17.92,18.59,,2.82
100052700505W400,SWFT,1117.50,66.03,-25.25,198.88,2390.00,0.16,0.28,17.60,16.89,17.20,,1.15
100052700505W400,SWFT,1117.60,67.65,-24.24,199.15,2387.50,0.16,0.28,17.20,16.51,16.89,,0.73
100052700505W400,SWFT,1117.70,67.65,-23.23,199.18,2386.00,0.16,0.28,16.89,16.21,16.66,,1.77
100052700505W400,SWFT,1117.90,65.15,-22.42,199.47,2381.00,0.16,0.28,16.44,15.56,16.14,,0.73
100052700505W400,SWFT,1118.20,66.47,-22.42,199.75,2387.50,0.17,0.27,15.71,14.87,15.64,,0.73
100052700505W400,SWFT,1118.40,76.82,-21.72,199.75,2420.00,0.15,0.27,15.28,14.40,15.35,,1.77
100052700505W400,SWFT,1118.60,87.27,-19.80,200.00,2446.50,0.12,0.28,14.80,14.01,14.40,,0.99
100052700505W400,SWFT,1119.20,77.90,-21.52,200.98,2378.00,0.17,0.29,15.22,14.47,15.08,,2.12
100052700505W400,SWFT,1119.50,78.24,-22.32,200.00,2362.00,0.17,0.29,15.87,15.16,15.73,,0.55
100052700505W400,SWFT,1119.60,78.70,-22.32,199.75,2378.00,0.16,0.29,16.02,15.45,15.81,,1.04
100052700505W400,SWFT,1120.20,79.51,-22.32,198.07,2384.00,0.16,0.29,16.04,15.04,15.61,,0.98
100052700505W400,SWFT,1120.30,79.36,-22.42,197.85,2390.00,0.16,0.29,15.89,14.90,15.53,,0.99
100052700505W400,SWFT,1120.40,81.32,-22.63,197.63,2396.00,0.16,0.30,15.74,14.76,15.25,,1.06
100052700505W400,SWFT,1120.80,97.03,-22.42,198.21,2380.00,0.16,0.32,15.09,14.15,14.61,,0.99
100052700505W400,SWFT,1121.10,109.39,-21.92,198.76,2382.00,0.17,0.32,14.68,13.95,14.21,,0.60
100052700505W400,SWFT,1122.00,66.62,-24.55,193.81,2312.50,0.21,0.30,16.17,15.16,15.95,,0.99
100052700505W400,SWFT,1122.50,57.70,-26.94,193.10,2285.50,0.22,0.28,18.83,18.32,18.66,,1.43
100052700505W400,SWFT,1122.70,58.77,-27.33,193.36,2277.50,0.23,0.28,19.36,18.49,18.92,,2.20
100052700505W400,SWFT,1122.80,59.08,-27.32,193.61,2283.00,0.22,0.28,19.36,17.65,18.75,,0.91
100052700505W400,SWFT,1123.10,59.26,-26.60,193.63,2306.50,0.21,0.29,18.15,16.94,17.49,,1.06
100052700505W400,SWFT,1123.30,60.29,-26.40,193.63,2309.50,0.21,0.29,17.33,16.25,16.63,,0.79
100052700505W400,SWFT,1123.60,63.97,-26.60,193.14,2298.50,0.21,0.28,16.47,16.02,16.40,,1.06
100052700505W400,SWFT,1123.90,60.00,-26.10,192.65,2317.50,0.20,0.27,16.25,15.44,15.80,,1.29
100052700505W400,SWFT,1124.00,59.11,-25.80,192.89,2322.00,0.20,0.27,16.10,15.09,15.51,,0.69
100052700505W400,SWFT,1124.20,63.83,-24.79,195.38,2336.50,0.19,0.27,15.36,14.14,14.53,,1.29
