GR,SP,CALX,RHOB,NPSS,ILD,ILM,SFL,DT,Binned_FZI_PS
59.034,-39.864,227.51,2502.735,0.29,9.349,9.943,8.727,256.097,4
54.231,-40.476,224.3,2491.735,0.295,10.505,11.026,9.863,258.391,5
56.349,-40.314,224.065,2499.96,0.295,11.328,11.698,9.654,262.037,4
62.433,-40.374,224.665,2515.932,0.296,12.226,12.601,10.405,262.635,4
66.654,-41.398,224.26,2547.6,0.29,13.144,13.612,11.427,262.435,6
67.29,-43.36,223.72,2549.932,0.283,14.413,14.904,12.112,263.525,4
62.121,-52.232,222.31,2492.137,0.265,18.768,19.934,14.532,257.48,6
54.432,-63.206,220.085,2443.535,0.261,22.265,24.732,21.228,250.89,4
48.624,-68.834,218.595,2418.169,0.254,24.042,26.407,26.64,254.135,3
44.151,-73.324,217.095,2408.708,0.255,26.4,27.139,25.874,269.496,5
53.994,-69.442,217.685,2417.542,0.287,25.348,25.009,20.178,283.623,6
53.88,-66.92,213.925,2426.627,0.287,23.09,23.368,20.522,286.447,6
53.466,-65.18,212.395,2451.709,0.258,21.77,22.298,20.13,284.806,4
55.197,-62.332,216.37,2466.277,0.259,19.698,19.739,18.191,281.347,4
62.967,-64.908,218.24,2444.145,0.261,17.565,17.481,15.465,278.575,3
58.47,-69.27,219.075,2418.662,0.255,16.836,16.991,15.611,282.01,3
54.957,-70.332,218.985,2410.062,0.26,16.749,17.02,15.896,283.814,4
56.157,-67.484,218.02,2405.406,0.262,17.092,17.535,16.045,286.301,4
53.604,-63.544,217.7,2401.921,0.268,17.355,17.878,16.308,287.497,4
51.477,-58.016,217.43,2415.887,0.275,17.027,17.212,16.486,289.834,6
54.528,-54.59,219.03,2421.245,0.275,16.093,15.788,14.583,288.473,4
62.826,-52.412,220.75,2407.471,0.28,15.105,15.024,13.749,288.202,4
68.118,-52.572,219.94,2398.444,0.271,14.548,14.685,13.73,292.768,4
74.631,-55.618,217.635,2393.697,0.293,13.77,13.674,13.098,300.943,4
94.068,-52.652,218.22,2396.538,0.291,13.552,13.627,12.942,298.454,3
98.772,-50.934,218.37,2406.969,0.277,13.273,13.415,13.42,295.725,4
81.861,-47.16,219.41,2399.255,0.284,12.944,12.854,12.644,297.165,3
75.981,-45.554,219.895,2380.207,0.305,12.458,12.423,11.701,301.361,4
76.746,-47.714,217.96,2378.953,0.296,12.073,12.275,11.862,303.318,4
77.697,-48.632,216.68,2385.105,0.286,11.788,11.97,12.165,303.466,3
77.673,-45.116,218.535,2397.257,0.301,11.161,11.116,11.085,304.244,3
76.827,-43.078,218.29,2389.961,0.302,10.456,10.412,10.761,305.395,3
78.54,-41.98,218.575,2385.506,0.293,9.98,9.936,10.308,310.135,4
83.919,-41.76,219.055,2391.549,0.305,9.839,9.788,10.08,312.326,4
81.891,-43.134,219.295,2398.21,0.282,10.069,10.298,10.094,307.771,3
72.609,-48.382,218.58,2395.193,0.285,10.597,10.956,11.418,303.084,4
72.834,-48.034,217.235,2390.613,0.276,10.648,10.69,11.255,306.191,5
79.236,-45.994,216.175,2384.988,0.281,10.318,10.089,10.335,311.233,2
83.403,-44.338,215.88,2385.807,0.281,10.022,9.895,9.462,313.363,4
81.405,-44.66,215.845,2394.65,0.307,9.778,9.879,9.885,311.901,3
81.84,-44.95,217.025,2405.281,0.283,9.76,10.051,10.21,307.829,3
82.434,-45.816,217.28,2405.665,0.275,9.796,10.07,10.454,304.929,3
78.915,-45.39,217.395,2409.142,0.286,9.635,9.756,10.444,304.507,3
81.03,-43.27,217.91,2402.539,0.286,9.316,9.383,9.791,307.085,4
84.243,-41.256,218.2,2403.776,0.3,8.839,8.772,9.345,312.274,4
85.221,-41.002,218.32,2411.048,0.295,8.722,8.745,8.601,316.096,1
85.719,-42.164,218.015,2418.687,0.302,8.746,8.886,8.946,312.787,1
82.53,-44.19,217.305,2414.115,0.302,8.836,9.162,9.772,308.953,2
78.63,-44.68,217.925,2410.73,0.293,8.95,9.235,9.679,310.301,2
33.178,-7.29,204.875,2284.665,0.28,23.112,29.313,24.29,291.835,4
33.005,-7.31,203.125,2280.23,0.274,23.154,27.86,24.312,292.385,4
33.034,-7.11,202.875,2284.08,0.27,22.648,26.886,23.112,292.407,3
35.492,-8.38,205.125,2310.341,0.272,21.391,22.457,20.428,284.782,5
35.234,-11.53,199.625,2332.41,0.262,19.78,19.795,18.579,281.193,5
31.804,-12.17,199.325,2329.016,0.267,19.455,19.415,18.699,284.338,4
28.721,-11.44,199.425,2315.655,0.278,18.96,19.083,19.509,290.432,5
33.436,-9.465,198.512,2290.375,0.278,20.093,20.091,19.429,303.41,5
35.786,-11.81,196.675,2261.767,0.283,20.866,20.999,20.316,311.301,4
31.89,-12.18,196.575,2284.878,0.285,21.078,21.033,19.366,307.623,6
38.002,-13.97,196.475,2302.447,0.269,20.334,20.396,18.82,300.48,3
38.005,-11.79,198.575,2303.204,0.265,19.277,18.831,17.891,302.391,4
36.906,-12.32,199.325,2312.432,0.266,18.596,18.413,17.629,305.836,3
35.779,-12.11,198.35,2313.421,0.271,18.223,17.759,17.26,306.441,3
62.583,-9.76,199.675,2358.09,0.274,14.799,13.381,14.65,305.059,2
69.161,-7.21,199.225,2409.749,0.292,13.856,14.179,12.995,299.921,3
90.581,11.52,202.35,2415.281,0.299,12.062,11.932,11.164,294.407,2
105.948,16.32,203.062,2405.567,0.298,12.14,12.272,11.357,294.814,3
108.298,20.63,203.287,2398.81,0.308,12.298,12.451,11.654,295.247,3
98.611,22.425,202.55,2397.543,0.318,12.171,14.59,11.886,295.271,3
46.614,47.68,197.925,2390.397,0.229,4.167,5.559,5.232,234.48,3
47.775,34.092,197.575,2428.856,0.214,6.661,8.781,10.771,235.064,3
45.945,23.92,196.345,2449.382,0.211,10.691,12.839,16.396,238.104,3
46.257,15.156,196.015,2461.068,0.202,17.599,19.429,19.236,243.232,3
43.545,13.578,195.595,2442.305,0.194,18.939,20.881,17.731,245.176,2
37.743,12.794,196.155,2418.231,0.204,18.58,20.943,16.627,245.56,2
33.855,10.988,194.985,2401.334,0.215,17.694,19.64,18.469,251.104,2
38.916,11.372,196.085,2349.11,0.209,17.5,17.621,22.017,255.2,5
41.268,11.282,196.63,2345.538,0.213,17.235,16.599,20.68,256.92,2
47.355,13.7,197.575,2422.979,0.246,15.755,14.542,13.385,255.68,2
47.394,18.164,197.365,2471.973,0.255,14.526,14.027,11.852,256.256,1
44.895,19.914,197.98,2481.606,0.245,13.575,13.816,12.582,261.312,1
44.727,19.314,196.9,2474.582,0.245,13.326,13.908,14.579,264.672,2
43.656,19.19,197.03,2458.461,0.23,14.541,15.119,13.732,259.112,2
38.436,14.6,196.225,2418.498,0.214,17.26,18.257,13.952,246.68,2
33.222,12.504,196.485,2400.995,0.208,18.662,20.176,15.256,241.112,1
28.326,10.576,196.55,2374.458,0.194,21.007,23.383,19.66,237.32,3
21.165,8.79,196.495,2339.684,0.176,26.427,30.365,39.072,242.024,5
21.285,7.63,197.035,2311.368,0.19,36.013,39.7,70.34,260.84,5
25.272,6.266,197.31,2305.229,0.22,53.35,52.296,78.112,283.608,5
29.988,5.35,196.9,2271.032,0.242,68.585,60.51,73.898,303.2,2
37.467,4.906,196.205,2208.258,0.237,69.212,56.674,60.501,283.912,4
51.438,3.77,200.17,2282.403,0.206,63.038,46.282,42.009,252.896,4
50.19,2.57,199.975,2337.315,0.207,57.469,43.594,41.061,259.16,2
44.967,1.73,199.625,2319.927,0.231,29.203,27.179,44.898,288.28,3
72.495,-1.656,200.57,2296.402,0.242,21.475,16.615,39.289,288.36,3
63.189,-11.186,200.37,2327.716,0.225,19.686,15.389,14.201,246.752,1
50.931,-16.084,200.3,2380.574,0.207,19.02,17.24,12.903,243.76,2
44.787,-12.276,200.235,2410.378,0.215,19.66,19.836,34.728,265.96,4
30.72,0.77,198.95,2293.072,0.245,33.965,32.198,35.207,272.88,4
27.954,4.912,198.195,2262.527,0.258,50.932,41.382,48.573,284.536,3
24.033,8.722,198.745,2250.849,0.234,58.248,43.266,45.42,291.048,3
24.216,11.478,197.84,2241.788,0.249,57.939,42.111,37.502,296.264,4
47.985,23.222,197.925,2293.383,0.251,30.927,24.32,28.296,274.264,5
44.82,27.28,199.21,2367.604,0.229,22.982,19.884,17.733,275.208,4
49.521,24.68,199.21,2417.951,0.235,18.596,16.927,16.918,280.776,4
57.195,29.03,199.275,2404.199,0.283,15.074,12.925,13.057,289.04,3
44.817,33.93,199.975,2398.587,0.283,14.778,13.545,10.245,288.888,4
37.623,31.386,199.83,2382.707,0.294,14.219,14.303,15.707,289.28,4
45.81,35.538,199.695,2379.156,0.261,14.527,14.222,15.254,284.664,4
58.845,37.938,199.975,2411.511,0.261,14.734,13.575,13.398,283.36,5
85.209,39.55,199.275,2420.268,0.28,13.99,12.854,12.163,285.24,4
107.475,45.638,199.625,2423.391,0.279,13.173,12.403,11.528,289.176,3
55.728,40.888,200.235,2386.762,0.296,11.729,11.676,13.662,296.888,3
44.832,42.38,199.975,2362.892,0.289,12.287,12.332,10.276,300.4,4
35.655,37.552,199.76,2319.4,0.273,14.739,14.198,11.256,292.496,4
49.987,-16.49,193.875,2414,0.3,5.393,6.36,5.72,293.103,2
44.662,-17.02,193.875,2460,0.234,6.377,7.824,8.819,266.068,2
35.392,-22.02,193.875,2514,0.18,8.133,9.502,29.311,248.376,2
25.492,-32.04,192.25,2450,0.212,8.438,7.562,10.267,266.1,2
25.837,-48.29,189.25,2356,0.269,7.933,7.52,5.094,285.79,2
30.127,-55.29,189.25,2328,0.302,7.889,7.831,6.808,306.945,3
33.93,-59.04,189.25,2322,0.286,7.977,8.103,9.406,301.35,1
35.617,-58.41,189.25,2307.9,0.282,9.968,11.32,11.123,294.657,2
35.947,-54.91,189.25,2304,0.284,11.216,13.647,16.182,293.135,4
35.227,-53.66,189.25,2282,0.273,13.009,16.483,30.215,295.476,3
33.352,-53.04,189.25,2266,0.269,14.704,18.24,40.126,305.548,4
32.587,-53.54,189.25,2238,0.28,17.164,19.047,28.723,319.479,5
32.775,-53.615,189.25,2238,0.291,17.047,18.728,25.896,324.399,3
36.84,-53.74,189.25,2236,0.301,16.952,17.842,21.711,333.295,2
50.46,-53.35,189.25,2245,0.301,16.497,16.902,18.142,339.101,4
53.647,-52.91,189.25,2256,0.301,16.019,16.528,15.93,340.931,3
66.24,-51.04,189.25,2282,0.298,15.504,16.914,18.543,339.536,3
127.185,-49.04,189.25,2233.95,0.313,14.844,16.31,20.641,338.963,1
165.87,-46.665,189.25,2187.9,0.339,14.121,15.402,19.476,335.596,3
175.62,-44.915,189.25,2201.95,0.342,13.427,14.556,16.771,326.4,2
84.307,-30.79,189.25,2316,0.304,10.85,10.515,15.185,307.291,4
60.54,-25.79,191.25,2358,0.255,9.485,9.243,11.498,299.268,1
57.382,-20.54,192.5,2372,0.284,8.779,8.532,7.724,306.223,5
83.55,-16.42,191.625,2371.95,0.344,7,6.747,6.794,315.023,2
101.212,-14.55,192.375,2353.9,0.392,6.301,6.062,5.951,319.472,4
51.348,68.916,202.465,2308.41,0.339,2.218,2.636,2.158,375.944,5
53.808,64.08,203.425,2336.48,0.242,3.065,4.139,4.716,266.934,3
52.71,59.36,203.725,2367.44,0.22,5.075,6.653,8.983,262.698,3
55.5,52.948,205.5,2364.58,0.234,10.282,11.443,10.637,263.815,3
48.315,41.888,205.8,2341.86,0.231,12.659,14.367,13.079,268.146,6
48.777,35.602,205.32,2318.475,0.243,13.483,14.444,14.019,273.184,4
52.281,32.918,204.84,2306.395,0.263,14.336,15.413,14.287,276.757,4
53.184,29.852,203.125,2305.98,0.274,15.486,16.114,14.739,280.919,4
50.103,29.222,199.85,2323.05,0.272,15.56,16.025,15.545,277.357,4
50.295,30.662,199.85,2327.985,0.278,15.186,16.131,15.296,276.197,4
48.63,31.12,199.015,2318.58,0.294,14.813,16.362,14.758,278.206,4
45.651,31.378,196.935,2318.065,0.28,15.22,16.58,15.619,280.714,4
40.431,31.294,193.445,2330.83,0.283,14.922,15.657,16.031,281.402,4
43.905,28.56,194.2,2313.505,0.27,14.799,16.635,15.074,285.766,4
41.811,28.666,192.065,2314.32,0.28,14.931,16.709,15.342,284.885,3
49.911,29.15,190.71,2319.45,0.264,14.47,15.329,16.904,285.752,4
51.765,26.65,187.975,2299.38,0.266,14.277,15.64,15.019,290.072,4
51.702,24.044,185.48,2251.03,0.279,14.06,15.184,14.311,295.506,3
48.867,22.132,187.85,2198.215,0.286,13.776,14.707,15.093,300.031,3
48.603,20.044,192.85,2233.395,0.281,13.534,14.227,16.004,300.819,3
47.907,17.694,196.235,2301.83,0.267,13.574,14.484,14.17,297.596,3
49.791,19.568,198.555,2288.415,0.26,13.88,15.261,14.771,297.292,4
46.98,24.26,200.45,2346.54,0.266,13.837,16.093,16.272,293.748,4
61.035,30.652,203.305,2381.56,0.274,13.786,15.796,17.645,288.47,6
87.216,40.264,202.825,2343.295,0.273,13.735,15.026,13.194,290.039,4
80.505,42.4,202.525,2325.68,0.306,13.189,14.264,12.196,299.402,4
52.53,71.584,201.725,2395.2,0.262,13.348,5.919,10.362,298.293,1
53.085,75.149,201.475,2359.9,0.27,13.685,5.655,11.052,298.433,2
50.52,77.228,201.475,2325.15,0.276,13.824,5.186,10.986,300.316,4
46.905,78.911,201.475,2304.45,0.276,13.881,5.023,10.757,305.186,3
44.145,80.2,201.475,2289.25,0.272,14.221,4.41,10.707,311.188,3
44.115,81.1,201.475,2284.25,0.272,15.185,4.751,11.452,314.465,3
40.515,82.4,201.475,2271.3,0.284,16.898,5,13.093,319.224,3
38.4,82.6,201.475,2249.15,0.29,16.392,4.84,12.712,324.569,5
34.635,82.7,201.475,2210.9,0.294,15.121,3.618,11.836,332.905,5
33.15,82.4,201.475,2196.6,0.291,13.889,2.905,10.918,336.23,3
34.785,82,201.475,2203.6,0.282,13.239,3.097,10.348,330.823,5
44.917,80.9,201.475,2236.1,0.27,12.795,4.094,10.163,312.877,4
59.07,78.614,201.625,2306.4,0.278,12.23,4.817,9.904,301.267,1
83.505,73.467,204.975,2369.3,0.308,10.294,5.734,8.616,300.12,6
118.995,69.2,205.45,2388,0.319,7.098,2.507,5.956,323.737,3
132.112,67.4,203.875,2386.8,0.296,6.814,4.145,5.684,322.685,3
111.465,66.2,205.275,2374.85,0.295,6.838,5.19,5.83,319.555,4
98.61,65.8,205.287,2374.25,0.327,6.626,4.202,5.41,320.032,3
91.56,65.6,204.737,2384.15,0.323,6.58,5.612,5.244,320.801,6
89.265,65.2,206.425,2373.4,0.314,6.336,4.954,5.29,326.091,2
92.145,65.3,204.975,2372.7,0.308,5.962,3.685,5.098,328.333,4
94.402,65.1,204.4,2372.3,0.306,5.652,5.092,4.973,330.036,3
93.66,64.8,205.4,2386.4,0.304,5.663,4.493,4.829,327.143,5
94.867,64,204.525,2368.4,0.351,5.886,5.759,4.941,322.56,3
68.685,63.9,203.887,2959.8,0.345,5.26,6.522,4.11,303.538,1
58.095,-58.488,215.625,2299.994,0.261,17.792,18.485,18.64,297.649,3
62.745,-57.832,215.625,2299.994,0.261,17.891,18.477,18.443,297.993,3
67.395,-56.997,215.625,2302.565,0.262,17.736,18.176,18.109,298.449,3
69.495,-55.934,215.625,2307.392,0.264,17.58,17.874,17.776,299.009,3
71.595,-54.829,215.625,2318.553,0.266,17.428,17.655,17.252,297.987,3
73.492,-53.684,215.625,2332.398,0.268,17.275,17.435,16.727,296.107,3
75.39,-52.424,215.887,2348.801,0.269,17.22,17.035,16.227,293.265,3
56.895,-52.586,215.762,2398.406,0.282,17.569,17.54,17.552,296.401,3
53.985,-57.778,215.375,2374.574,0.274,18.234,18.395,19.664,302.324,2
53.985,-59.484,215.375,2364.681,0.273,18.494,18.717,20.316,304.678,2
53.985,-60.089,215.5,2357.465,0.276,18.736,19.05,20.677,306.66,2
55.387,-60.405,215.625,2350.769,0.279,18.977,19.383,21.039,308.057,2
56.79,-60.418,215.625,2344.743,0.281,19.225,19.646,21.078,309.144,2
62.685,-60.38,215.625,2338.996,0.286,19.792,20.263,21.001,309.857,3
62.94,-60.157,215.625,2339.584,0.288,20.111,20.617,20.885,309.397,3
63.195,-59.528,215.887,2342.209,0.289,20.157,20.761,20.675,308.019,3
63.09,-57.508,216.65,2349.032,0.291,20.056,20.914,20.298,304.505,3
63.585,-55.436,217.275,2364.697,0.291,19.79,20.619,20.019,300.276,3
64.29,-54.661,217.4,2376.587,0.29,19.671,20.316,19.908,298.302,2
60.397,-45.133,218.425,2391.624,0.276,16.898,18.274,17.678,299.341,4
60.645,-47.898,217.675,2368.833,0.296,16.743,18.682,18.106,303.823,3
57.69,-51.13,219.2,2356.736,0.285,15.468,19.117,18.579,302.952,3
59.385,-51.209,218.437,2369.201,0.281,15.161,18.645,18.427,301.102,3
63.037,-51.067,217.675,2385.321,0.281,14.853,18.173,18.274,299.083,3
66.69,-50.633,217.537,2402.136,0.284,14.578,17.677,17.719,297.154,2
80.595,-48.694,217.4,2421.974,0.3,13.602,16.099,15.894,296.765,2
84.885,-45.4,217.275,2428.946,0.316,12.566,14.595,14.319,299.124,3
21.277,-105.644,193.25,2264.465,0.201,28.938,31.835,44.921,325.351,2
21.015,-107.426,191.75,2261.547,0.217,24.94,26.564,38.215,326.688,1
21.832,-107.921,191.5,2258.246,0.226,23.734,24.94,34.405,328.042,3
23.97,-108.416,191.5,2260.299,0.244,21.592,22.184,28.808,330.724,4
25.29,-108.317,191.75,2265.652,0.251,20.828,21.016,26.925,332.05,4
27.345,-107.03,192,2279.711,0.259,19.543,19.185,25.053,332.785,2
28.065,-105.446,192.75,2300.654,0.256,19.009,18.661,25.394,326.432,4
29.587,-100.099,193.75,2342.947,0.251,18.404,17.818,28.938,311.922,4
31.62,-93.214,194.25,2364.359,0.247,17.654,17.013,34.092,305.087,1
34.387,-88.322,194.25,2360.316,0.248,17.573,16.245,26.564,307.756,1
37.912,-82.978,194.5,2357.012,0.255,18.234,15.948,20.09,310.541,1
41.422,-79.005,196.5,2392.078,0.269,18.575,16.096,15.583,313.428,2
44.392,-78.311,198.75,2449.693,0.295,20.09,17.983,15.087,301.998,5
46.402,-81.598,199.5,2479.748,0.313,22.284,22.184,20.641,280.402,1
42.457,-94.257,193,2449.744,0.34,32.796,33.393,61.098,279.891,5
29.82,-101.188,190.5,2311.926,0.298,57.066,48.431,59.456,284.202,4
30.39,-102.97,191.25,2297.574,0.314,57.327,54.275,63.932,291.371,3
30.42,-104.356,192,2280.297,0.328,57.82,56.522,69.953,306.953,3
29.775,-105.347,192.5,2261.746,0.32,58.564,56.998,76.475,320.828,3
29.46,-106.139,192.5,2245.551,0.321,57.995,57.476,81.095,308.781,4
29.175,-106.832,192.5,2256.527,0.329,57.181,57.695,81.463,299.361,3
27.45,-107.228,192.5,2260.082,0.331,54.656,55.391,70.015,303.102,3
19.8,-107.228,192.75,2200.176,0.331,49.066,49.966,55.122,311.102,4
18.225,-107.03,192.75,2194.207,0.328,45.397,46.226,48.145,326.344,4
16.65,-107.03,192.25,2198.277,0.32,42.221,42.988,46.617,332.309,4
17.595,-107.327,192.5,2226.523,0.313,39.276,40,46.589,331.361,4
17.272,-106.836,192.5,2249.902,0.303,36.333,37.002,43.923,324.968,2
17.1,-105.851,192.5,2254.211,0.299,35.173,35.821,42.556,323.088,4
19.02,-103.279,193.75,2261.867,0.297,33.573,34.506,40.296,323.621,4
21.21,-100.497,194.5,2264.27,0.296,32.206,34.489,38.484,323.395,1
26.062,-93.762,195,2265.672,0.29,28.337,34.616,37.24,318.371,4
30.87,-87.03,195,2263.709,0.276,24.292,34.428,43.239,290.814,4
34.642,-82.376,194.997,2272.311,0.262,20.09,21.689,56.281,252.525,4
36.27,-80.495,195.493,2281.875,0.255,18.661,19.097,46.912,236.996,4
41.13,-72.9,198.24,2470.695,0.26,14.88,15.157,13.195,235.449,1
50.25,-69.802,198.487,2494.531,0.301,12.255,12.483,11.647,274.027,2
53.077,-67.723,197.727,2486.957,0.312,11.019,11.225,13.883,282.608,3
53.925,-66.04,197.475,2480.664,0.312,10.817,11.019,13.256,285.114,4
53.76,-59.109,199.495,2470.375,0.306,9.954,10.14,10.473,289.287,2
61.312,-58.614,200,2449.928,0.33,9.509,10,11.225,291.657,4
85.65,-55.149,199.747,2426.516,0.338,9.509,9.909,10.233,300.521,1
57.12,-57.129,201,2435.582,0.364,8.498,9.193,10.599,301.758,2
62.242,-55.644,201.75,2433.631,0.383,7.963,8.109,8.919,312.339,2
59.88,-54.455,205.25,2409.813,0.344,7.364,7.501,9.729,306.131,3
68.94,-51.782,211.268,2441.656,0.381,5.784,5.891,6.435,311.516,1
36.2,15.714,212.715,2404.225,0.264,4.561,4.696,5.988,315.573,3
35.244,13.199,210.02,2408.78,0.26,4.844,4.927,6.321,319.955,2
38.214,6.532,205.441,2388.33,0.266,5.649,5.538,6.415,331.463,3
45.951,-3.84,203.796,2348.36,0.299,5.995,6.312,6.93,337.509,3
46.425,-8.445,204.104,2330.47,0.297,6.234,6.687,7.26,333.708,2
47.148,-13.016,204.425,2316.935,0.291,6.664,7.046,7.549,328.965,3
49.679,-20.041,204.426,2347.25,0.294,7.388,7.427,7.901,319.543,2
54.101,-14.328,203.979,2375.1,0.289,7.771,7.699,8.057,313.457,1
59.864,-16.685,202.574,2382.965,0.255,8.298,8.136,8.602,305.417,2
62.176,-24.616,200.816,2382.245,0.248,8.96,8.815,9.956,304.237,2
62.161,-27.132,199.869,2358.49,0.266,9.471,9.308,10.991,306.16,3
60.509,-25.958,200.187,2358.9,0.277,9.826,9.533,11.112,307.082,3
58.576,-17.458,202.616,2368.09,0.286,10.189,9.814,10.503,305.532,4
56.808,-8.729,205.39,2353.405,0.296,10.829,11.471,11.997,301.66,2
52.936,-2.91,205.799,2327.26,0.294,11.671,14.043,14.608,307.748,4
36.118,-14.967,196.883,2252.93,0.272,16.155,21.223,20.73,331.671,3
35.659,-14.115,197.151,2254.82,0.267,14.644,19.345,19.368,330.368,4
35.699,-12.582,197.368,2256.77,0.268,13.611,16.785,16.476,325.809,3
59.85,-39.3,194.75,2366.438,0.325,3.48,3.545,3.513,298.975,2
59.1,-40.404,194.75,2375.439,0.328,3.854,3.926,4.677,302.153,2
64.158,-42.626,202.97,2348.773,0.353,4.471,4.554,3.731,316.101,1
58.35,-47.374,199.663,2405.086,0.352,5.378,5.477,5.023,300.244,2
52.8,-48.081,199.587,2394.158,0.331,5.973,6.085,7.466,300.344,2
62.952,-52.277,202.75,2401.422,0.351,7.535,7.675,5.838,281.575,1
62.331,-59.01,201.75,2408.285,0.349,8.347,8.586,7.963,277.489,1
62.593,-64.752,203.5,2401.605,0.343,10.046,10.232,9.209,273.752,1
67.35,-73.3,198.515,2338.609,0.317,13.292,13.539,12.238,272.085,1
55.099,-88.317,196.04,2304.293,0.295,15.396,15.115,21.729,305.157,2
54.937,-73.8,197.277,2348.811,0.307,15.911,14.513,11.909,285.004,1
51.637,-77,197.525,2364.828,0.278,15.925,14.862,16.148,277.608,4
48.466,-77.4,197.525,2351.734,0.245,16.312,16.693,24.591,276.329,1
35.123,-79.2,198.254,2216.984,0.301,20.092,20.372,19.363,313.294,2
101.061,-52.6,197.75,2350.555,0.332,9.13,9.262,8.036,308.064,3
101.818,-53.4,197.25,2349.359,0.344,8.183,8.146,8.036,314.444,2
91.667,-55.3,194.75,2352.109,0.34,8.036,7.398,8.22,318.713,2
94.598,-56.92,194.374,2338.293,0.335,7.854,7.501,8,316.362,4
90.606,-57.525,194.802,2349.537,0.327,7.963,7.466,8.333,318.746,2
61.782,-63.352,201.125,2286.16,0.243,22.466,21.871,27.321,297.207,3
59.25,-65.652,201.115,2274.28,0.242,23.249,22.725,29.151,301.604,3
55.8,-68.318,201.09,2263.72,0.242,24.32,23.796,31.238,306,4
46.8,-73.294,201.03,2250.68,0.242,27.028,26.31,34.273,310.968,4
43.069,-74.206,201.025,2251.14,0.242,27.868,27.017,34.412,312.002,4
38.465,-75.334,200.99,2256.4,0.239,29.34,28.08,34.229,313.287,3
36.98,-76.422,200.845,2257.56,0.229,29.999,28.413,32.961,313.377,4
38.465,-77.502,200.765,2254.32,0.229,29.416,27.579,32.592,313.207,3
39.802,-78.79,200.705,2264,0.231,28.33,25.597,32.568,311.961,3
38.911,-78.562,200.63,2277.32,0.232,27.252,24.147,31.274,309.091,1
37.871,-76.75,200.475,2295.2,0.232,24.537,21.99,28.355,305.654,1
38.911,-76.054,200.435,2301.52,0.233,23.533,21.323,27.859,303.738,3
40.105,-75.316,200.365,2309.4,0.233,22.605,20.64,27.522,301.821,4
43.251,-73.296,200.23,2330.36,0.232,20.87,19.247,26.667,298.373,3
46.413,-70.024,200.13,2350.52,0.232,19.395,18.02,24.371,295.164,3
51.655,-68.456,200.16,2343.16,0.233,19.005,17.878,22.952,292.44,4
58.364,-68.7,200.25,2311.5,0.235,19.012,18.307,23.411,290.215,4
61.04,-69.42,200.29,2303.9,0.236,19.096,18.511,24.204,291.536,4
61.188,-70.212,200.315,2298.1,0.237,19.192,18.748,25.008,292.858,3
55.842,-71.862,200.325,2288.02,0.237,19.51,19.332,26.23,297.184,3
51.832,-72.99,200.325,2278.5,0.237,19.945,19.908,26.658,299.005,3
47.228,-73.35,200.305,2272.9,0.237,20.241,20.189,26.737,300.827,4
36.45,-72.958,200.155,2277,0.223,20.717,19.599,27.137,309.089,4
38.1,-70.022,200.195,2307.96,0.215,20.338,18.556,25.23,306.967,4
42,-66.736,200.27,2320.38,0.216,20.17,18.426,23.177,303.299,3
48.267,-63.91,200.375,2301.6,0.228,19.534,19.206,23.394,295.936,2
49.901,-67.284,200.32,2292.78,0.231,18.989,19.338,26.944,299.377,2
60.891,-60.802,200.535,2377.94,0.223,15.046,14.273,19.777,293.516,2
68.02,-57.722,200.655,2381.06,0.218,13.768,13.253,18.976,293.853,3
70.396,-56.236,200.765,2378.28,0.218,13.475,13.126,18.193,294.106,3
89.406,-55.63,200.79,2360.38,0.224,12.999,12.885,19.2,293.346,3
85.396,-54.974,200.845,2357,0.225,12.181,11.99,18.818,295.064,3
77.376,-49.544,200.805,2378.76,0.243,10.722,10.58,15.646,301.894,3
82.129,-47.68,200.775,2391.5,0.252,9.706,9.459,15.046,307.574,3
82.723,-46.696,200.765,2398.94,0.244,9.454,9.215,14.355,310.418,2
80.792,-48.082,201.11,2375.04,0.242,8.685,8.923,14.291,315.971,2
78.267,-49.474,201.15,2360.72,0.231,8.376,8.568,14.717,315.459,2
84.208,-45.774,201.215,2344.36,0.242,8.002,7.984,12.412,318.326,2
93.75,-45.622,201.3,2346.26,0.251,7.705,7.895,12.932,319.727,2
88.96,-45.22,201.25,2347.2,0.263,8.021,8.14,12.973,319.305,2
88.96,-44.248,201.225,2362.78,0.254,8.122,8.348,12.79,315.899,2
85.396,-43.626,201.285,2392.82,0.251,8.176,8.399,13.75,308.079,2
94.5,-43.186,202.49,2331.98,0.25,7.234,7.744,11.238,331.697,5
91.8,-44.478,202.6,2330.54,0.249,7.638,8.263,11.975,330.048,6
83.168,-52.144,202.84,2323.86,0.251,9.817,10.413,17.872,322.9,3
72.178,-55.376,202.915,2327.28,0.249,10.699,10.687,20.008,318.166,4
66.683,-56.372,203.035,2332.4,0.248,11.022,10.512,19.719,316.573,5
59.851,-55.612,203.435,2348.56,0.244,11.128,9.557,16.107,315.275,5
61.04,-52.18,203.745,2358.42,0.242,10.517,8.798,13.498,317.022,5
84.356,-42.15,203.75,2368,0.263,6.158,6.52,10.89,325.993,2
90.6,-39.32,203.7,2425.8,0.291,2.572,2.835,9.823,326.358,6
60.135,-37.445,249.937,1958.7,0.397,5.479,5.694,5.227,305.471,2
51.435,-41.9,296.55,2220.1,0.315,6.574,7.315,7.356,265.699,1
50.955,-48.19,227.987,2344.45,0.264,7.909,8.864,9.402,261.762,2
47.325,-57.98,201.5,2571.5,0.203,12.073,13.888,18.734,220.872,2
47.977,-59.97,200.575,2636.7,0.198,14.264,16.078,27.812,225.316,1
48.63,-65.46,200.475,2558.7,0.223,16.513,19.348,32.857,241.398,2
51.75,-73.79,201.7,2414.6,0.245,18.426,20.827,22.482,265.814,2
49.815,-74.73,202.7,2390.4,0.252,19.153,20.372,20.731,272.66,3
44.865,-73.61,203.525,2334.7,0.27,18.768,20.372,19.653,275.83,6
47.085,-67.71,203.225,2307.9,0.261,16.976,19.401,25.178,274.611,4
93.592,-49.44,200.45,2499.4,0.272,14.277,15.185,20.846,287.442,1
101.655,-42.28,203.725,2414.8,0.341,11.968,12.78,15.352,277.917,2
100.2,-47.58,204.45,2398.9,0.321,12.219,12.654,16.182,300.783,2
126.997,-45.3,201.9,2415.9,0.326,7.904,7.955,13.41,314.998,2
137.625,-34.74,224.625,2344.8,0.339,4.506,4.663,4.565,322.13,4
54.45,-6.95,234.5,2166.206,0.534,1.388,1.534,1.822,396.356,3
54.045,-12.42,228,2475.119,0.369,2.986,3.311,2.474,259.012,3
55.5,-15.5,228.125,2504.712,0.284,4.106,4.789,4.688,264.305,3
68.745,-21.46,230.125,2485.368,0.264,10.87,10.642,13.609,267.168,1
60.39,-23.455,229.75,2466.938,0.285,14.521,13.772,15.699,269.315,3
57.705,-25.21,229.75,2459.201,0.295,15.256,15.13,15.989,271.309,4
63.037,-26.595,228.937,2461.827,0.294,15.067,15.786,16.324,272.544,3
67.522,-28.61,228.563,2473.238,0.295,15.271,16.281,16.85,273.366,3
67.125,-32.25,226.25,2457.831,0.29,15.368,16.227,17.743,277.064,4
64.62,-37.75,229,2422.206,0.3,16.167,16.929,17.99,285.891,3
66.712,-39.5,227.875,2410.385,0.297,17.835,18.258,21.314,291.646,4
71.31,-39,227.875,2402.379,0.302,18.43,18.589,21.729,293.319,4
62.925,-38,228.5,2378.549,0.297,19.065,19.312,21.47,295.83,5
54.195,-37.845,228.563,2370.684,0.295,19.9,19.268,21.93,297.688,4
52.912,-38.735,227.625,2363.007,0.294,20.102,19.785,22.133,298.852,4
54.87,-40,226.5,2350.769,0.292,20.541,20.222,23.347,300.595,3
55.26,-41.895,226.25,2351.905,0.309,20.26,20.102,23.338,302.342,4
55.185,-42.79,226.25,2353.187,0.316,20.129,19.945,22.585,302.927,5
52.477,-44.29,226.938,2350.951,0.304,20.102,19.527,21.702,304.737,3
46.5,-46.07,227,2323.769,0.298,20.092,19.082,19.241,306.52,3
44.205,-45.32,227,2310.014,0.323,20.092,19.707,19.671,304.468,4
41.34,-44.57,226.875,2318.879,0.323,19.726,20.334,20.885,302.412,3
39.802,-42.945,221.563,2338.646,0.314,19.654,20.157,24.09,302.309,6
42.382,-42.805,225.938,2342.354,0.306,19.074,18.942,20.048,303.003,5
41.962,-43.04,224.938,2336.363,0.317,18.951,19.206,19.632,303.148,4
41.82,-42.68,225.25,2339.345,0.323,19.119,19.719,20.869,302.068,4
41.43,-42.32,225.25,2345.732,0.324,19.348,20.055,21.609,300.961,3
42.307,-40.57,224.625,2353.946,0.322,19.241,21.023,24.036,299.853,4
43.185,-38.82,224,2362.161,0.319,19.135,21.99,26.462,298.746,4
43.215,-38.195,223.5,2369.435,0.315,19.074,21.592,27.253,297.406,4
46.162,-36.82,225.125,2382.411,0.304,19.189,20.551,26.88,294.493,6
54.112,-34.43,227.75,2384.708,0.318,18.87,19.321,21.698,291.349,4
64.98,-24.77,229.188,2556.308,0.326,13.509,14.853,16.768,309.535,4
51.405,-66.375,212.1,2395.585,0.262,17.332,18.305,20.951,255.298,3
56.145,-64.86,212.1,2394.97,0.26,16.086,16.785,18.41,254.73,3
56.962,-63.72,212.1,2402.66,0.26,15.383,16.182,17.275,253.2,3
58.98,-56.72,212.1,2425.57,0.271,13.572,13.824,17.858,250.14,2
60.96,-51.02,212.1,2436.545,0.28,13.147,12.82,14.348,259.68,3
52.8,-53,212.1,2420.775,0.245,14.312,14.51,19.793,260.703,3
54.225,-61.76,212.1,2401.46,0.276,14.396,13.786,17.086,270.08,3
62.085,-71.125,212.1,2401.8,0.267,15.022,13.49,14.39,262.335,3
46.215,-71.57,212.1,2268.855,0.261,27.437,26.442,30.558,256.4,5
31.995,-65.085,212.1,2302.025,0.259,42.688,40.926,78.435,280.706,4
32.835,-63.57,212.1,2343.44,0.254,58.861,46.928,70.963,291.185,4
33.9,-63.11,212.1,2253.5,0.254,67.959,49.577,62.771,285.892,5
31.702,-62.72,212.1,2158.7,0.275,77.523,62.32,68.712,287.996,6
32.31,-62.47,212.1,2136.24,0.306,78.168,71.225,82.991,306.855,5
32.01,-61.44,212.1,2302.97,0.27,59.297,51.266,77.881,302.457,4
28.635,-58.79,212.1,2241.43,0.246,45.86,38.604,45.607,274.245,3
27.772,-57.69,212.1,2214.8,0.291,50.843,47.101,92.604,288.542,6
26.43,-57.19,212.1,2205.29,0.3,55.085,53.435,142.374,294.154,4
21.795,-55.33,212.1,2177.715,0.304,83.539,69.974,145.907,300.193,6
20.88,-53.94,212.1,2159.81,0.314,103.908,83.426,110.382,309.389,6
23.805,-53.44,212.1,2153.88,0.316,107.209,87.303,112.365,314.521,6
31.252,-52.91,212.1,2202.46,0.302,84.846,89.997,96.879,315.651,6
35.775,-52.55,212.1,2232.84,0.296,75.202,80.808,89.935,309.553,6
56.865,-47.705,212.1,2432.82,0.299,36.462,32.941,40.087,277.952,4
69.022,-44.47,212.1,2449.24,0.3,27.154,23.433,25.718,271.615,3
65.745,-38.69,212.1,2434.48,0.295,19.707,17.07,16.727,275.828,4
64.905,-37.94,212.1,2438.59,0.291,17.662,15.64,14.744,280.041,4
65.872,-38.94,212.1,2442.7,0.287,16.078,14.677,14.853,281.402,4
69.24,-36.97,212.1,2440.33,0.296,14.238,13.361,15.045,280.306,4
63.862,-36,212.1,2428.63,0.281,14.224,13.057,14.068,281.16,4
64.522,-35.75,212.1,2420.83,0.296,14.068,13.324,13.849,278.099,4
66.9,-35.75,212.1,2415.1,0.296,14.277,13.484,13.952,281.664,3
71.31,-35.5,213.112,2404.285,0.295,14.651,13.805,14.693,281.987,3
70.8,-35.395,214.125,2384.535,0.304,15.262,14.337,15.032,283.276,3
60.255,-36.04,214.125,2356.37,0.295,16.347,15.454,15.625,286.951,4
55.005,-36.82,214.125,2343.97,0.284,17.164,16.137,17.858,285.01,3
51.435,-36.695,214.125,2329.515,0.295,18.385,17.632,19.954,290.184,4
50.52,-36.415,214.125,2332.05,0.296,18.648,18.157,19.826,290.82,4
54.217,-35.82,214.125,2335.53,0.287,19.135,17.759,20.827,291.533,4
51.352,-34.82,214.125,2322.47,0.298,18.717,17.532,17.71,297.226,4
53.287,-35.5,216.125,2317.8,0.294,18.324,17.597,18.477,295.282,4
55.74,-35.5,216.125,2316.86,0.301,18.443,17.228,20,297.118,4
56.745,-34.25,216.125,2324.625,0.302,17.842,17.284,18.926,301.148,4
59.865,-33.75,216.125,2333.495,0.299,17.492,16.908,18.891,300.864,4
80.43,-33.5,216.125,2345.72,0.297,16.913,16.137,18.631,295.669,3
88.365,-32.75,216.125,2349.43,0.3,16.929,15.683,17.371,290.061,4
84.375,-32.35,216.125,2341.47,0.3,16.452,15.916,16.088,291.46,4
68.055,-32.46,216.125,2336.695,0.291,16.177,15.85,18.072,292.613,4
68.43,-31.805,216.125,2333.08,0.284,15.543,15.397,18.456,293.58,4
69.24,-30.545,216.125,2330.4,0.283,14.931,14.659,16.971,295.514,4
80.055,-23.84,216.125,2331.52,0.322,11.991,11.311,10.938,304.64,4
72.99,-25.35,216.125,2322.21,0.341,11.103,10.785,11.441,308.99,3
68.28,-25.3,216.125,2333.35,0.317,10.701,10.691,12.83,306.341,4
71.31,-23.82,216.125,2337.6,0.341,10.163,10.324,12.866,313.917,4
59.109,-65.941,198.02,2439.1,0.307,10.419,11.259,11.73,278.964,1
57.03,-70.7,195.545,2433.1,0.302,10.757,11.466,12.909,277.248,1
51.98,-73.6,198.762,2427.1,0.294,11.055,11.892,15.563,277.777,1
45.297,-82.079,198.267,2421.1,0.29,11.414,12.39,16.741,285.565,6
42,-84.257,196.287,2377.9,0.304,12.111,12.792,14.402,295.113,3
40.5,-84.95,194.554,2329.9,0.316,12.909,13.636,15.85,304.309,3
38.25,-85.941,193.564,2265.4,0.318,14.142,14.938,22.754,311.177,4
38.25,-86.733,193.069,2283.6,0.316,15.074,15.922,26.859,309.676,5
40.484,-88.416,191.572,2292.6,0.318,16.447,17.059,26.988,308.413,4
39.865,-89.505,189.566,2281.8,0.324,17.15,17.386,26.022,310.777,3
39.954,-91.683,192.004,2298.9,0.334,19.453,17.828,26.769,315.026,1
40.248,-92.079,192.239,2293.2,0.329,19.908,17.832,26.893,316.32,2
42.178,-90.594,192.953,2280.6,0.321,20.742,18.584,26.649,320.26,2
46.5,-87.822,193.913,2268,0.317,21.512,19.457,28.018,312.051,1
50.25,-86.04,193.896,2261.7,0.313,22.008,19.908,30,301.195,3
53.55,-83.168,193.131,2257.4,0.309,22.413,20.275,32.287,299.499,3
63.861,-73.4,195.802,2338.6,0.308,22.413,21.415,38.396,294.562,3
65.644,-69.406,194.059,2395.3,0.314,22.209,20.837,36.012,293.052,1
64.752,-68.911,194.307,2386.2,0.317,21.908,20.091,31.981,294.533,3
63.713,-69.109,194.307,2376,0.321,20.932,19.368,27.387,296.013,2
61.337,-73.2,194.059,2345.4,0.332,18.584,17.507,18.928,304.257,2
55.65,-77.3,194.059,2314.8,0.328,16.799,15.753,16.954,313.907,1
56.7,-75.3,192.327,2294.4,0.317,15.753,14.84,16.722,305.345,4
63.416,-67.624,195.297,2308.2,0.315,15.115,14.305,19.279,293.086,4
72.624,-60.495,196.04,2362.8,0.309,14.977,13.981,23.564,286.593,3
80.05,-56.634,197.03,2417.4,0.307,14.84,13.664,28.926,283.218,3
79.307,-52.574,197.277,2499.3,0.322,13.79,13.539,19.368,279.866,3
73.663,-53.366,196.287,2491.1,0.326,12.813,13.539,14.305,279.23,3
64.307,-62.772,196.287,2455.7,0.332,12.238,13.477,14.57,281.56,3
54,-74,196.287,2420.3,0.338,12.696,13.477,13.664,287.501,2
45.75,-80.693,193.812,2384.9,0.334,12.696,13.415,10.911,295.287,3
45.75,-82.277,193.808,2349.5,0.325,12.696,13.415,12.58,303.337,4
52.35,-83.465,193.293,2225,0.33,12.931,13.664,21.808,314.172,3
58.2,-85.05,193.529,2336.7,0.338,13.051,13.79,23.78,305.333,2
62.822,-85.941,192.02,2364.1,0.349,13.231,13.981,20.837,299.864,2
66.089,-83.96,194.003,2376.8,0.349,13.415,14.175,20.648,296.431,1
68.158,-81.485,193.47,2371.6,0.341,13.409,14.17,21.028,298.836,1
80.495,-73.9,192.171,2363,0.328,13.398,14.16,22.311,296.738,1
102.624,-64.059,193.36,2404,0.308,13.204,14.085,22.413,286.709,1
124.019,-52.97,197.03,2449.6,0.307,11.975,12.834,18.921,283.177,1
135.929,-46.634,197.03,2480,0.327,11.121,11.975,15.087,285.385,1
146.816,-39.208,197.03,2484,0.358,10.093,10.817,12.142,293.542,2
124.152,-32.673,198.267,2461.2,0.404,8.838,9.465,9.954,303.774,1
91.337,-29.118,198.02,2447.2,0.466,7.466,8,9.909,312.98,2
31.634,-17.504,201.983,2429.5,0.485,2.592,2.862,2.473,255.499,2
35.198,-23.577,200.497,2405.5,0.35,3.307,3.981,5.094,256.171,2
38.317,-26.564,200.497,2387.129,0.313,3.926,4.59,6.967,258.67,4
41.436,-29.558,200.498,2387.129,0.28,4.86,5.388,9.552,252.844,4
47.1,-31.58,200.75,2567,0.211,10.047,9.465,12.72,221.097,2
48.6,-40.9,201.98,2499,0.231,14.109,16.407,18.114,248.477,1
45.15,-50.7,198.25,2448.5,0.261,13.333,15.214,19.719,279.882,3
39.95,-55.9,198.25,2366.832,0.275,12.961,14.651,25.298,290.658,3
40.248,-57.7,198.25,2335,0.288,12.54,13.976,26.369,293.232,4
42.475,-56.7,198.25,2378.713,0.303,12.076,13.396,21.931,288.542,4
42.178,-54.4,198.25,2418.5,0.313,11.794,12.659,18.114,285.497,2
45.9,-53,198.25,2433.5,0.318,11.629,12.422,15.949,286.64,3
49.05,-50.5,195.5,2402.5,0.334,11.251,11.962,12.54,309.82,3
39.95,-77,199.253,2334,0.325,10.835,11.411,16.176,317.908,3
38.762,-71.3,199.254,2319,0.333,11.041,11.52,17.526,324.901,1
36.386,-67.822,199.256,2332,0.342,11.411,12.019,18.722,319.721,3
38.762,-64.257,199.257,2375.743,0.332,11.794,12.599,19.26,306.757,3
42.037,-61.981,199.505,2397.525,0.333,11.962,12.9,19.351,300.061,3
44.576,-59.6,200,2412,0.344,11.962,13.145,20.185,291.869,3
48.48,-56.1,200.5,2434,0.342,11.962,13.459,21.431,283.677,4
95.25,-26.238,215.25,2430.5,0.338,8.038,9.041,8,303.537,2
98.85,-24.356,226.485,2392.079,0.344,6.557,7.101,7.555,306.627,2
126.9,-22.079,244.802,2394.554,0.357,5.834,6.346,6.807,304.465,2
88.05,-20.594,237.871,2398.515,0.382,5.439,5.944,6,324.013,2
73.96,-19.7,255.5,2296,0.382,5.094,5.516,5.753,309.575,2
73.663,-19.7,251.25,2301,0.387,5.047,5.439,5.861,319.928,2
73.366,-19.8,248.515,2398.515,0.391,4.976,5.363,6,323.538,3
72.643,-19.7,279.95,2420.5,0.399,4.612,5.094,5.142,311.67,2
74.515,-18.908,275,2346.5,0.407,4.419,4.678,5.289,326.487,2
74.7,-19.604,285.444,2318.5,0.42,4.221,4.509,4.838,323.739,1
74.242,-17.1,253.75,2344,0.451,2.911,3.3,4.029,335.815,2
74.394,-16.6,275.248,2296,0.451,2.822,3.155,3.305,338.214,3
76.65,-16.5,246.287,2272.5,0.448,2.759,3.028,3.172,344.586,3
78,-16.6,236.634,2345,0.442,2.695,2.85,2.986,356.444,1
77.85,-16.5,224,2343.5,0.447,2.733,2.877,2.904,354.999,3
78.3,-16.7,235.396,2330,0.459,2.824,2.931,3.056,349.585,2
82.35,-17.4,227.228,2351.485,0.459,2.972,3.231,3.926,346.458,2
80.1,-18.1,236.386,2285,0.436,3.292,3.646,3.496,320.924,3
75.9,-19.7,240.099,2242,0.458,3.578,4,4.39,289.013,3
75.45,-20.99,229.455,2246.5,0.444,3.783,4.249,5.313,283.495,1
