GR,SP,RHOB,DPSS ,NPSS,ILD,ILM,SFL,Binned_FZI_PS
46.32,-39.50,2378.71,0.17,0.31,4.24,4.24,5.89,4
46.90,-42.00,2378.71,0.17,0.31,4.61,4.65,6.44,2
55.67,-48.60,2405.00,0.14,0.36,6.26,6.38,7.16,5
56.26,-50.40,2425.50,0.14,0.35,6.59,6.84,7.20,2
56.96,-67.49,2312.50,0.23,0.25,14.71,19.37,19.28,4
48.10,-71.17,2269.50,0.24,0.25,15.69,21.24,24.72,4
30.89,-76.72,2203.03,0.27,0.26,18.76,27.61,52.09,6
49.52,-78.11,2201.01,0.27,0.27,21.14,29.05,69.92,6
49.51,-78.60,2201.01,0.27,0.28,21.93,29.32,68.66,5
44.55,-80.00,2222.22,0.26,0.28,22.55,29.05,50.92,4
40.10,-79.80,2237.88,0.25,0.27,21.33,28.39,39.10,6
43.07,-78.60,2262.50,0.23,0.25,19.02,25.53,34.41,5
43.66,-76.50,2296.50,0.21,0.24,16.07,22.55,30.00,4
42.03,-71.50,2337.00,0.19,0.24,14.47,19.46,23.83,2
52.80,-65.70,2378.22,0.17,0.25,13.39,15.35,19.46,1
55.65,-57.43,2434.50,0.13,0.26,11.84,12.97,13.57,1
46.32,-39.50,2378.71,0.17,0.31,4.24,4.24,5.89,4
46.90,-42.00,2378.71,0.17,0.31,4.61,4.65,6.44,2
55.67,-48.60,2405.00,0.14,0.36,6.26,6.38,7.16,5
56.26,-50.40,2425.50,0.14,0.35,6.59,6.84,7.20,2
56.96,-67.49,2312.50,0.23,0.25,14.71,19.37,19.28,4
48.10,-71.17,2269.50,0.24,0.25,15.69,21.24,24.72,4
30.89,-76.72,2203.03,0.27,0.26,18.76,27.61,52.09,6
49.52,-78.11,2201.01,0.27,0.27,21.14,29.05,69.92,6
49.51,-78.60,2201.01,0.27,0.28,21.93,29.32,68.66,5
44.55,-80.00,2222.22,0.26,0.28,22.55,29.05,50.92,4
40.10,-79.80,2237.88,0.25,0.27,21.33,28.39,39.10,6
43.07,-78.60,2262.50,0.23,0.25,19.02,25.53,34.41,5
43.66,-76.50,2296.50,0.21,0.24,16.07,22.55,30.00,4
42.03,-71.50,2337.00,0.19,0.24,14.47,19.46,23.83,2
52.80,-65.70,2378.22,0.17,0.25,13.39,15.35,19.46,1
55.65,-57.43,2434.50,0.13,0.26,11.84,12.97,13.57,1
59.03,-39.86,2502.74,0.09,0.29,9.35,9.94,8.73,4
54.23,-40.48,2491.74,0.09,0.30,10.51,11.03,9.86,5
56.35,-40.31,2499.96,0.10,0.30,11.33,11.70,9.65,4
62.43,-40.37,2515.93,0.09,0.30,12.23,12.60,10.41,4
66.65,-41.40,2547.60,0.07,0.29,13.14,13.61,11.43,6
67.29,-43.36,2549.93,0.06,0.28,14.41,14.90,12.11,4
62.12,-52.23,2492.14,0.09,0.27,18.77,19.93,14.53,6
54.43,-63.21,2443.54,0.11,0.26,22.27,24.73,21.23,4
48.62,-68.83,2418.17,0.13,0.25,24.04,26.41,26.64,3
44.15,-73.32,2408.71,0.14,0.26,26.40,27.14,25.87,5
53.99,-69.44,2417.54,0.14,0.29,25.35,25.01,20.18,6
53.88,-66.92,2426.63,0.14,0.29,23.09,23.37,20.52,6
53.47,-65.18,2451.71,0.13,0.26,21.77,22.30,20.13,4
55.20,-62.33,2466.28,0.11,0.26,19.70,19.74,18.19,4
62.97,-64.91,2444.15,0.12,0.26,17.57,17.48,15.47,3
58.47,-69.27,2418.66,0.13,0.26,16.84,16.99,15.61,3
54.96,-70.33,2410.06,0.14,0.26,16.75,17.02,15.90,4
56.16,-67.48,2405.41,0.15,0.26,17.09,17.54,16.05,4
53.60,-63.54,2401.92,0.15,0.27,17.36,17.88,16.31,4
51.48,-58.02,2415.89,0.14,0.28,17.03,17.21,16.49,6
54.53,-54.59,2421.25,0.14,0.28,16.09,15.79,14.58,4
62.83,-52.41,2407.47,0.15,0.28,15.11,15.02,13.75,4
68.12,-52.57,2398.44,0.16,0.27,14.55,14.69,13.73,4
74.63,-55.62,2393.70,0.15,0.29,13.77,13.67,13.10,4
94.07,-52.65,2396.54,0.15,0.29,13.55,13.63,12.94,3
98.77,-50.93,2406.97,0.15,0.28,13.27,13.42,13.42,4
81.86,-47.16,2399.26,0.15,0.28,12.94,12.85,12.64,3
75.98,-45.55,2380.21,0.16,0.31,12.46,12.42,11.70,4
76.75,-47.71,2378.95,0.16,0.30,12.07,12.28,11.86,4
77.70,-48.63,2385.11,0.16,0.29,11.79,11.97,12.17,3
77.67,-45.12,2397.26,0.15,0.30,11.16,11.12,11.09,3
76.83,-43.08,2389.96,0.15,0.30,10.46,10.41,10.76,3
78.54,-41.98,2385.51,0.16,0.29,9.98,9.94,10.31,4
83.92,-41.76,2391.55,0.16,0.31,9.84,9.79,10.08,4
81.89,-43.13,2398.21,0.15,0.28,10.07,10.30,10.09,3
72.61,-48.38,2395.19,0.15,0.29,10.60,10.96,11.42,4
72.83,-48.03,2390.61,0.16,0.28,10.65,10.69,11.26,5
79.24,-45.99,2384.99,0.16,0.28,10.32,10.09,10.34,2
83.40,-44.34,2385.81,0.15,0.28,10.02,9.90,9.46,4
81.41,-44.66,2394.65,0.15,0.31,9.78,9.88,9.89,3
81.84,-44.95,2405.28,0.15,0.28,9.76,10.05,10.21,3
82.43,-45.82,2405.67,0.15,0.28,9.80,10.07,10.45,3
78.92,-45.39,2409.14,0.14,0.29,9.64,9.76,10.44,3
81.03,-43.27,2402.54,0.15,0.29,9.32,9.38,9.79,4
84.24,-41.26,2403.78,0.15,0.30,8.84,8.77,9.35,4
85.22,-41.00,2411.05,0.15,0.30,8.72,8.75,8.60,1
85.72,-42.16,2418.69,0.14,0.30,8.75,8.89,8.95,1
82.53,-44.19,2414.12,0.14,0.30,8.84,9.16,9.77,2
78.63,-44.68,2410.73,0.14,0.29,8.95,9.24,9.68,2
51.09,-52.28,2586.50,0.04,0.27,9.26,11.33,19.54,1
49.31,-61.20,2528.47,0.07,0.25,15.51,16.55,21.91,1
48.69,-65.19,2500.37,0.09,0.24,15.51,17.98,21.61,2
53.59,-68.76,2471.12,0.11,0.24,15.51,17.09,19.10,1
58.06,-70.34,2455.02,0.11,0.25,15.44,17.01,16.40,2
74.31,-73.92,2454.01,0.12,0.26,15.23,17.01,13.26,2
90.00,-76.90,2468.51,0.11,0.28,15.09,16.86,13.07,2
93.27,-82.28,2449.00,0.12,0.29,14.81,16.32,16.55,2
84.60,-86.14,2421.50,0.13,0.28,14.74,16.10,17.90,2
72.46,-88.52,2396.01,0.15,0.27,14.60,15.87,18.22,2
67.22,-89.70,2385.02,0.16,0.27,14.59,15.71,17.47,2
63.30,-90.90,2367.50,0.17,0.31,14.58,15.62,16.51,2
50.05,-90.90,2315.35,0.20,0.32,14.64,15.61,18.08,1
67.65,-74.00,2446.15,0.12,0.28,16.42,17.67,14.71,2
67.95,-77.10,2450.02,0.12,0.29,17.35,19.02,18.58,2
52.87,-85.35,2309.00,0.20,0.32,20.66,22.03,26.01,4
37.18,-87.22,2238.46,0.25,0.32,22.13,24.72,25.07,3
38.66,-84.23,2254.00,0.24,0.32,20.28,22.65,27.11,4
58.35,-72.48,2348.04,0.18,0.28,17.43,18.16,18.41,1
78.45,-60.80,2531.00,0.08,0.26,15.61,15.83,12.24,1
89.70,-52.97,2542.00,0.06,0.30,13.98,14.37,11.59,1
76.65,-56.24,2478.42,0.11,0.30,14.46,15.63,15.41,4
68.55,-63.30,2449.82,0.12,0.29,14.87,16.14,19.64,2
59.41,-70.10,2422.22,0.14,0.28,15.49,16.74,19.02,4
58.81,-76.73,2405.58,0.15,0.28,16.45,17.21,17.69,4
44.40,-78.91,2307.96,0.21,0.30,16.76,18.43,24.38,1
44.10,-81.00,2293.50,0.22,0.31,16.69,17.63,21.25,1
48.12,-84.00,2314.87,0.20,0.31,16.71,17.40,18.21,3
51.39,-86.80,2325.51,0.20,0.29,18.25,19.37,20.94,3
51.68,-86.20,2284.94,0.22,0.30,19.55,21.43,22.34,3
56.14,-78.91,2328.51,0.20,0.28,16.07,17.21,18.17,2
86.55,-64.80,2442.27,0.12,0.30,12.97,13.39,13.70,2
108.45,-61.30,2462.09,0.12,0.32,10.42,11.11,10.32,2
56.99,-64.50,2269.63,0.24,0.31,14.27,15.64,29.73,2
52.40,-64.95,2268.14,0.23,0.31,14.80,16.36,30.00,4
49.15,-64.95,2289.65,0.21,0.30,15.35,16.97,29.32,4
44.57,-63.75,2324.92,0.18,0.29,15.85,17.28,26.25,3
43.25,-63.00,2346.22,0.17,0.28,15.85,17.13,24.38,3
45.08,-60.75,2414.56,0.14,0.28,15.64,16.36,16.51,3
45.57,-60.90,2418.53,0.14,0.29,15.35,16.36,16.36,2
45.83,-61.20,2427.45,0.17,0.30,15.21,16.36,16.97,2
46.10,-61.80,2384.24,0.18,0.31,15.14,16.36,19.20,4
46.85,-62.55,2354.75,0.19,0.31,15.21,16.36,21.14,4
52.02,-63.30,2432.46,0.13,0.29,15.42,16.36,17.28,3
54.05,-64.35,2430.99,0.13,0.30,15.49,16.36,16.51,3
54.31,-66.00,2402.78,0.16,0.30,15.49,16.36,18.34,4
54.57,-67.35,2374.32,0.18,0.30,15.49,16.36,20.28,3
52.48,-68.55,2353.83,0.18,0.29,15.49,16.36,22.03,3
50.39,-68.85,2353.84,0.19,0.29,15.35,16.22,24.16,4
48.76,-68.85,2363.35,0.18,0.30,15.21,16.07,25.18,1
46.22,-65.25,2413.24,0.15,0.30,14.80,15.64,19.73,1
55.21,-56.96,2421.22,0.15,0.33,14.02,14.68,15.15,1
57.89,-55.73,2400.44,0.16,0.33,13.84,14.49,14.29,4
59.18,-55.72,2387.96,0.17,0.33,13.84,14.49,14.16,1
33.18,-7.29,2284.67,0.22,0.28,23.11,29.31,24.29,4
33.01,-7.31,2280.23,0.22,0.27,23.15,27.86,24.31,4
33.03,-7.11,2284.08,0.22,0.27,22.65,26.89,23.11,3
35.49,-8.38,2310.34,0.21,0.27,21.39,22.46,20.43,5
35.23,-11.53,2332.41,0.19,0.26,19.78,19.80,18.58,5
31.80,-12.17,2329.02,0.20,0.27,19.46,19.42,18.70,4
28.72,-11.44,2315.66,0.20,0.28,18.96,19.08,19.51,5
33.44,-9.47,2290.38,0.22,0.28,20.09,20.09,19.43,5
35.79,-11.81,2261.77,0.24,0.28,20.87,21.00,20.32,4
31.89,-12.18,2284.88,0.22,0.29,21.08,21.03,19.37,6
38.00,-13.97,2302.45,0.21,0.27,20.33,20.40,18.82,3
38.01,-11.79,2303.20,0.21,0.27,19.28,18.83,17.89,4
36.91,-12.32,2312.43,0.20,0.27,18.60,18.41,17.63,3
35.78,-12.11,2313.42,0.20,0.27,18.22,17.76,17.26,3
62.58,-9.76,2358.09,0.17,0.27,14.80,13.38,14.65,2
69.16,-7.21,2409.75,0.14,0.29,13.86,14.18,13.00,3
90.58,11.52,2415.28,0.14,0.30,12.06,11.93,11.16,2
105.95,16.32,2405.57,0.15,0.30,12.14,12.27,11.36,3
108.30,20.63,2398.81,0.15,0.31,12.30,12.45,11.65,3
98.61,22.43,2397.54,0.15,0.32,12.17,14.59,11.89,3
46.61,47.68,2390.40,0.16,0.23,4.17,5.56,5.23,3
47.78,34.09,2428.86,0.14,0.21,6.66,8.78,10.77,3
45.95,23.92,2449.38,0.13,0.21,10.69,12.84,16.40,3
46.26,15.16,2461.07,0.12,0.20,17.60,19.43,19.24,3
43.55,13.58,2442.31,0.13,0.19,18.94,20.88,17.73,2
37.74,12.79,2418.23,0.14,0.20,18.58,20.94,16.63,2
33.86,10.99,2401.33,0.15,0.22,17.69,19.64,18.47,2
38.92,11.37,2349.11,0.18,0.21,17.50,17.62,22.02,5
41.27,11.28,2345.54,0.18,0.21,17.24,16.60,20.68,2
47.36,13.70,2422.98,0.14,0.25,15.76,14.54,13.39,2
47.39,18.16,2471.97,0.11,0.26,14.53,14.03,11.85,1
44.90,19.91,2481.61,0.10,0.25,13.58,13.82,12.58,1
44.73,19.31,2474.58,0.11,0.25,13.33,13.91,14.58,2
43.66,19.19,2458.46,0.12,0.23,14.54,15.12,13.73,2
38.44,14.60,2418.50,0.14,0.21,17.26,18.26,13.95,2
33.22,12.50,2401.00,0.15,0.21,18.66,20.18,15.26,1
28.33,10.58,2374.46,0.16,0.19,21.01,23.38,19.66,3
21.17,8.79,2339.68,0.18,0.18,26.43,30.37,39.07,5
21.29,7.63,2311.37,0.21,0.19,36.01,39.70,70.34,5
25.27,6.27,2305.23,0.21,0.22,53.35,52.30,78.11,5
29.99,5.35,2271.03,0.24,0.24,68.59,60.51,73.90,2
37.47,4.91,2208.26,0.27,0.24,69.21,56.67,60.50,4
51.44,3.77,2282.40,0.23,0.21,63.04,46.28,42.01,4
50.19,2.57,2337.32,0.19,0.21,57.47,43.59,41.06,2
44.97,1.73,2319.93,0.21,0.23,29.20,27.18,44.90,3
72.50,-1.66,2296.40,0.22,0.24,21.48,16.62,39.29,3
63.19,-11.19,2327.72,0.20,0.23,19.69,15.39,14.20,1
50.93,-16.08,2380.57,0.16,0.21,19.02,17.24,12.90,2
44.79,-12.28,2410.38,0.16,0.22,19.66,19.84,34.73,4
30.72,0.77,2293.07,0.23,0.25,33.97,32.20,35.21,4
27.95,4.91,2262.53,0.24,0.26,50.93,41.38,48.57,3
24.03,8.72,2250.85,0.25,0.23,58.25,43.27,45.42,3
24.22,11.48,2241.79,0.25,0.25,57.94,42.11,37.50,4
47.99,23.22,2293.38,0.22,0.25,30.93,24.32,28.30,5
44.82,27.28,2367.60,0.17,0.23,22.98,19.88,17.73,4
49.52,24.68,2417.95,0.14,0.24,18.60,16.93,16.92,4
57.20,29.03,2404.20,0.15,0.28,15.07,12.93,13.06,3
44.82,33.93,2398.59,0.16,0.28,14.78,13.55,10.25,4
37.62,31.39,2382.71,0.17,0.29,14.22,14.30,15.71,4
45.81,35.54,2379.16,0.17,0.26,14.53,14.22,15.25,4
58.85,37.94,2411.51,0.15,0.26,14.73,13.58,13.40,5
85.21,39.55,2420.27,0.14,0.28,13.99,12.85,12.16,4
107.48,45.64,2423.39,0.14,0.28,13.17,12.40,11.53,3
55.73,40.89,2386.76,0.16,0.30,11.73,11.68,13.66,3
44.83,42.38,2362.89,0.18,0.29,12.29,12.33,10.28,4
35.66,37.55,2319.40,0.20,0.27,14.74,14.20,11.26,4
49.99,-16.49,2414.00,0.12,0.30,5.39,6.36,5.72,2
44.66,-17.02,2460.00,0.15,0.23,6.38,7.82,8.82,2
35.39,-22.02,2514.00,0.07,0.18,8.13,9.50,29.31,2
25.49,-32.04,2450.00,0.12,0.21,8.44,7.56,10.27,2
25.84,-48.29,2356.00,0.17,0.27,7.93,7.52,5.09,2
30.13,-55.29,2328.00,0.19,0.30,7.89,7.83,6.81,3
33.93,-59.04,2322.00,0.20,0.29,7.98,8.10,9.41,1
35.62,-58.41,2307.90,0.18,0.28,9.97,11.32,11.12,2
35.95,-54.91,2304.00,0.20,0.28,11.22,13.65,16.18,4
35.23,-53.66,2282.00,0.22,0.27,13.01,16.48,30.22,3
33.35,-53.04,2266.00,0.24,0.27,14.70,18.24,40.13,4
32.59,-53.54,2238.00,0.25,0.28,17.16,19.05,28.72,5
32.78,-53.62,2238.00,0.23,0.29,17.05,18.73,25.90,3
36.84,-53.74,2236.00,0.25,0.30,16.95,17.84,21.71,2
50.46,-53.35,2245.00,0.23,0.30,16.50,16.90,18.14,4
53.65,-52.91,2256.00,0.25,0.30,16.02,16.53,15.93,3
66.24,-51.04,2282.00,0.22,0.30,15.50,16.91,18.54,3
127.19,-49.04,2233.95,0.25,0.31,14.84,16.31,20.64,1
165.87,-46.67,2187.90,0.29,0.34,14.12,15.40,19.48,3
175.62,-44.92,2201.95,0.31,0.34,13.43,14.56,16.77,2
84.31,-30.79,2316.00,0.19,0.30,10.85,10.52,15.19,4
60.54,-25.79,2358.00,0.19,0.26,9.49,9.24,11.50,1
57.38,-20.54,2372.00,0.15,0.28,8.78,8.53,7.72,5
83.55,-16.42,2371.95,0.18,0.34,7.00,6.75,6.79,2
101.21,-14.55,2353.90,0.17,0.39,6.30,6.06,5.95,4
51.35,68.92,2308.41,0.20,0.34,2.22,2.64,2.16,5
53.81,64.08,2336.48,0.18,0.24,3.07,4.14,4.72,3
52.71,59.36,2367.44,0.17,0.22,5.08,6.65,8.98,3
55.50,52.95,2364.58,0.17,0.23,10.28,11.44,10.64,3
48.32,41.89,2341.86,0.18,0.23,12.66,14.37,13.08,6
48.78,35.60,2318.48,0.19,0.24,13.48,14.44,14.02,4
52.28,32.92,2306.40,0.20,0.26,14.34,15.41,14.29,4
53.18,29.85,2305.98,0.21,0.27,15.49,16.11,14.74,4
50.10,29.22,2323.05,0.20,0.27,15.56,16.03,15.55,4
50.30,30.66,2327.99,0.19,0.28,15.19,16.13,15.30,4
48.63,31.12,2318.58,0.19,0.29,14.81,16.36,14.76,4
45.65,31.38,2318.07,0.20,0.28,15.22,16.58,15.62,4
40.43,31.29,2330.83,0.19,0.28,14.92,15.66,16.03,4
43.91,28.56,2313.51,0.20,0.27,14.80,16.64,15.07,4
41.81,28.67,2314.32,0.21,0.28,14.93,16.71,15.34,3
49.91,29.15,2319.45,0.19,0.26,14.47,15.33,16.90,4
51.77,26.65,2299.38,0.23,0.27,14.28,15.64,15.02,4
51.70,24.04,2251.03,0.27,0.28,14.06,15.18,14.31,3
48.87,22.13,2198.22,0.28,0.29,13.78,14.71,15.09,3
48.60,20.04,2233.40,0.25,0.28,13.53,14.23,16.00,3
47.91,17.69,2301.83,0.21,0.27,13.57,14.48,14.17,3
49.79,19.57,2288.42,0.22,0.26,13.88,15.26,14.77,4
46.98,24.26,2346.54,0.20,0.27,13.84,16.09,16.27,4
61.04,30.65,2381.56,0.15,0.27,13.79,15.80,17.65,6
87.22,40.26,2343.30,0.19,0.27,13.74,15.03,13.19,4
80.51,42.40,2325.68,0.19,0.31,13.19,14.26,12.20,4
52.53,71.58,2395.20,0.16,0.26,13.35,5.92,10.36,1
53.09,75.15,2359.90,0.19,0.27,13.69,5.66,11.05,2
50.52,77.23,2325.15,0.20,0.28,13.82,5.19,10.99,4
46.91,78.91,2304.45,0.21,0.28,13.88,5.02,10.76,3
44.15,80.20,2289.25,0.22,0.27,14.22,4.41,10.71,3
44.12,81.10,2284.25,0.22,0.27,15.19,4.75,11.45,3
40.52,82.40,2271.30,0.24,0.28,16.90,5.00,13.09,3
38.40,82.60,2249.15,0.25,0.29,16.39,4.84,12.71,5
34.64,82.70,2210.90,0.28,0.29,15.12,3.62,11.84,5
33.15,82.40,2196.60,0.28,0.29,13.89,2.91,10.92,3
34.79,82.00,2203.60,0.27,0.28,13.24,3.10,10.35,5
44.92,80.90,2236.10,0.24,0.27,12.80,4.09,10.16,4
59.07,78.61,2306.40,0.19,0.28,12.23,4.82,9.90,1
83.51,73.47,2369.30,0.17,0.31,10.29,5.73,8.62,6
119.00,69.20,2388.00,0.16,0.32,7.10,2.51,5.96,3
132.11,67.40,2386.80,0.16,0.30,6.81,4.15,5.68,3
111.47,66.20,2374.85,0.17,0.30,6.84,5.19,5.83,4
98.61,65.80,2374.25,0.16,0.33,6.63,4.20,5.41,3
91.56,65.60,2384.15,0.16,0.32,6.58,5.61,5.24,6
89.27,65.20,2373.40,0.17,0.31,6.34,4.95,5.29,2
92.15,65.30,2372.70,0.17,0.31,5.96,3.69,5.10,4
94.40,65.10,2372.30,0.16,0.31,5.65,5.09,4.97,3
93.66,64.80,2386.40,0.16,0.30,5.66,4.49,4.83,5
94.87,64.00,2368.40,0.17,0.35,5.89,5.76,4.94,3
68.69,63.90,2959.80,-0.23,0.35,5.26,6.52,4.11,1
58.10,-58.49,2299.99,0.21,0.26,17.79,18.49,18.64,3
62.75,-57.83,2299.99,0.21,0.26,17.89,18.48,18.44,3
67.40,-57.00,2302.57,0.21,0.26,17.74,18.18,18.11,3
69.50,-55.93,2307.39,0.21,0.26,17.58,17.87,17.78,3
71.60,-54.83,2318.55,0.21,0.27,17.43,17.66,17.25,3
73.49,-53.68,2332.40,0.20,0.27,17.28,17.44,16.73,3
75.39,-52.42,2348.80,0.19,0.27,17.22,17.04,16.23,3
56.90,-52.59,2398.41,0.15,0.28,17.57,17.54,17.55,3
53.99,-57.78,2374.57,0.16,0.27,18.23,18.40,19.66,2
53.99,-59.48,2364.68,0.17,0.27,18.49,18.72,20.32,2
53.99,-60.09,2357.47,0.17,0.28,18.74,19.05,20.68,2
55.39,-60.41,2350.77,0.18,0.28,18.98,19.38,21.04,2
56.79,-60.42,2344.74,0.18,0.28,19.23,19.65,21.08,2
62.69,-60.38,2339.00,0.19,0.29,19.79,20.26,21.00,3
62.94,-60.16,2339.58,0.19,0.29,20.11,20.62,20.89,3
63.20,-59.53,2342.21,0.19,0.29,20.16,20.76,20.68,3
63.09,-57.51,2349.03,0.18,0.29,20.06,20.91,20.30,3
63.59,-55.44,2364.70,0.18,0.29,19.79,20.62,20.02,3
64.29,-54.66,2376.59,0.17,0.29,19.67,20.32,19.91,2
60.40,-45.13,2391.62,0.15,0.28,16.90,18.27,17.68,4
60.65,-47.90,2368.83,0.17,0.30,16.74,18.68,18.11,3
57.69,-51.13,2356.74,0.18,0.29,15.47,19.12,18.58,3
59.39,-51.21,2369.20,0.18,0.28,15.16,18.65,18.43,3
63.04,-51.07,2385.32,0.17,0.28,14.85,18.17,18.27,3
66.69,-50.63,2402.14,0.16,0.28,14.58,17.68,17.72,2
80.60,-48.69,2421.97,0.14,0.30,13.60,16.10,15.89,2
84.89,-45.40,2428.95,0.14,0.32,12.57,14.60,14.32,3
21.28,-105.64,2264.47,0.24,0.20,28.94,31.84,44.92,2
21.02,-107.43,2261.55,0.25,0.22,24.94,26.56,38.22,1
21.83,-107.92,2258.25,0.24,0.23,23.73,24.94,34.41,3
23.97,-108.42,2260.30,0.23,0.24,21.59,22.18,28.81,4
25.29,-108.32,2265.65,0.24,0.25,20.83,21.02,26.93,4
27.35,-107.03,2279.71,0.21,0.26,19.54,19.19,25.05,2
28.07,-105.45,2300.65,0.19,0.26,19.01,18.66,25.39,4
29.59,-100.10,2342.95,0.17,0.25,18.40,17.82,28.94,4
31.62,-93.21,2364.36,0.17,0.25,17.65,17.01,34.09,1
34.39,-88.32,2360.32,0.19,0.25,17.57,16.25,26.56,1
37.91,-82.98,2357.01,0.17,0.26,18.23,15.95,20.09,1
41.42,-79.01,2392.08,0.12,0.27,18.58,16.10,15.58,2
44.39,-78.31,2449.69,0.09,0.30,20.09,17.98,15.09,5
46.40,-81.60,2479.75,0.09,0.31,22.28,22.18,20.64,1
42.46,-94.26,2449.74,0.15,0.34,32.80,33.39,61.10,5
29.82,-101.19,2311.93,0.22,0.30,57.07,48.43,59.46,4
30.39,-102.97,2297.57,0.24,0.31,57.33,54.28,63.93,3
30.42,-104.36,2280.30,0.24,0.33,57.82,56.52,69.95,3
29.78,-105.35,2261.75,0.25,0.32,58.56,57.00,76.48,3
29.46,-106.14,2245.55,0.24,0.32,58.00,57.48,81.10,4
29.18,-106.83,2256.53,0.23,0.33,57.18,57.70,81.46,3
27.45,-107.23,2260.08,0.25,0.33,54.66,55.39,70.02,3
19.80,-107.23,2200.18,0.26,0.33,49.07,49.97,55.12,4
18.23,-107.03,2194.21,0.28,0.33,45.40,46.23,48.15,4
16.65,-107.03,2198.28,0.27,0.32,42.22,42.99,46.62,4
17.60,-107.33,2226.52,0.26,0.31,39.28,40.00,46.59,4
17.27,-106.84,2249.90,0.24,0.30,36.33,37.00,43.92,2
17.10,-105.85,2254.21,0.24,0.30,35.17,35.82,42.56,4
19.02,-103.28,2261.87,0.23,0.30,33.57,34.51,40.30,4
21.21,-100.50,2264.27,0.23,0.30,32.21,34.49,38.48,1
26.06,-93.76,2265.67,0.24,0.29,28.34,34.62,37.24,4
30.87,-87.03,2263.71,0.20,0.28,24.29,34.43,43.24,4
34.64,-82.38,2272.31,0.15,0.26,20.09,21.69,56.28,4
36.27,-80.50,2281.88,0.13,0.26,18.66,19.10,46.91,4
41.13,-72.90,2470.70,0.09,0.26,14.88,15.16,13.20,1
50.25,-69.80,2494.53,0.10,0.30,12.26,12.48,11.65,2
53.08,-67.72,2486.96,0.10,0.31,11.02,11.23,13.88,3
53.93,-66.04,2480.66,0.10,0.31,10.82,11.02,13.26,4
53.76,-59.11,2470.38,0.12,0.31,9.95,10.14,10.47,2
61.31,-58.61,2449.93,0.12,0.33,9.51,10.00,11.23,4
85.65,-55.15,2426.52,0.14,0.34,9.51,9.91,10.23,1
57.12,-57.13,2435.58,0.13,0.36,8.50,9.19,10.60,2
62.24,-55.64,2433.63,0.13,0.38,7.96,8.11,8.92,2
59.88,-54.46,2409.81,0.14,0.34,7.36,7.50,9.73,3
68.94,-51.78,2441.66,0.12,0.38,5.78,5.89,6.44,1
36.20,15.71,2404.23,0.14,0.26,4.56,4.70,5.99,3
35.24,13.20,2408.78,0.14,0.26,4.84,4.93,6.32,2
38.21,6.53,2388.33,0.16,0.27,5.65,5.54,6.42,3
45.95,-3.84,2348.36,0.18,0.30,6.00,6.31,6.93,3
46.43,-8.45,2330.47,0.20,0.30,6.23,6.69,7.26,2
47.15,-13.02,2316.94,0.20,0.29,6.66,7.05,7.55,3
49.68,-20.04,2347.25,0.19,0.29,7.39,7.43,7.90,2
54.10,-14.33,2375.10,0.17,0.29,7.77,7.70,8.06,1
59.86,-16.69,2382.97,0.16,0.26,8.30,8.14,8.60,2
62.18,-24.62,2382.25,0.16,0.25,8.96,8.82,9.96,2
62.16,-27.13,2358.49,0.16,0.27,9.47,9.31,10.99,3
60.51,-25.96,2358.90,0.18,0.28,9.83,9.53,11.11,3
58.58,-17.46,2368.09,0.18,0.29,10.19,9.81,10.50,4
56.81,-8.73,2353.41,0.17,0.30,10.83,11.47,12.00,2
52.94,-2.91,2327.26,0.18,0.29,11.67,14.04,14.61,4
36.12,-14.97,2252.93,0.24,0.27,16.16,21.22,20.73,3
35.66,-14.12,2254.82,0.24,0.27,14.64,19.35,19.37,4
35.70,-12.58,2256.77,0.24,0.27,13.61,16.79,16.48,3
59.85,-39.30,2366.44,0.18,0.33,3.48,3.55,3.51,2
59.10,-40.40,2375.44,0.13,0.33,3.85,3.93,4.68,2
64.16,-42.63,2348.77,0.18,0.35,4.47,4.55,3.73,1
58.35,-47.37,2405.09,0.17,0.35,5.38,5.48,5.02,2
52.80,-48.08,2394.16,0.14,0.33,5.97,6.09,7.47,2
62.95,-52.28,2401.42,0.16,0.35,7.54,7.68,5.84,1
62.33,-59.01,2408.29,0.15,0.35,8.35,8.59,7.96,1
62.59,-64.75,2401.61,0.14,0.34,10.05,10.23,9.21,1
67.35,-73.30,2338.61,0.16,0.32,13.29,13.54,12.24,1
55.10,-88.32,2304.29,0.20,0.30,15.40,15.12,21.73,2
54.94,-73.80,2348.81,0.21,0.31,15.91,14.51,11.91,1
51.64,-77.00,2364.83,0.19,0.28,15.93,14.86,16.15,4
48.47,-77.40,2351.73,0.17,0.25,16.31,16.69,24.59,1
35.12,-79.20,2216.98,0.25,0.30,20.09,20.37,19.36,2
101.06,-52.60,2350.56,0.18,0.33,9.13,9.26,8.04,3
101.82,-53.40,2349.36,0.18,0.34,8.18,8.15,8.04,2
91.67,-55.30,2352.11,0.18,0.34,8.04,7.40,8.22,2
94.60,-56.92,2338.29,0.20,0.34,7.85,7.50,8.00,4
90.61,-57.53,2349.54,0.18,0.33,7.96,7.47,8.33,2
32.85,-65.10,2394.67,0.16,0.20,18.40,20.37,25.30,5
29.55,-67.10,2301.58,0.21,0.17,20.83,27.47,74.95,5
44.69,-64.90,2429.00,0.14,0.25,15.05,15.26,16.65,4
40.30,-59.90,2378.66,0.16,0.29,13.44,13.01,18.32,2
40.91,-62.70,2321.44,0.18,0.28,14.27,13.50,19.45,4
41.67,-65.10,2332.87,0.19,0.29,15.73,14.47,21.24,4
45.15,-66.20,2328.86,0.19,0.29,16.94,15.51,23.39,4
44.55,-66.80,2310.44,0.21,0.30,17.98,16.70,26.01,4
45.15,-68.70,2278.00,0.22,0.31,19.36,18.66,27.23,4
48.90,-70.50,2299.50,0.22,0.31,20.66,20.28,28.78,4
50.10,-72.48,2320.35,0.21,0.28,19.54,20.00,27.11,3
45.75,-73.37,2280.00,0.21,0.30,17.48,17.32,25.16,3
46.95,-73.78,2307.93,0.21,0.29,16.14,15.13,21.38,3
50.10,-72.70,2279.50,0.21,0.29,15.19,14.44,22.25,3
61.78,-63.35,2286.16,0.22,0.24,22.47,21.87,27.32,3
59.25,-65.65,2274.28,0.23,0.24,23.25,22.73,29.15,3
55.80,-68.32,2263.72,0.23,0.24,24.32,23.80,31.24,4
46.80,-73.29,2250.68,0.24,0.24,27.03,26.31,34.27,4
43.07,-74.21,2251.14,0.24,0.24,27.87,27.02,34.41,4
38.47,-75.33,2256.40,0.24,0.24,29.34,28.08,34.23,3
36.98,-76.42,2257.56,0.24,0.23,30.00,28.41,32.96,4
38.47,-77.50,2254.32,0.24,0.23,29.42,27.58,32.59,3
39.80,-78.79,2264.00,0.23,0.23,28.33,25.60,32.57,3
38.91,-78.56,2277.32,0.23,0.23,27.25,24.15,31.27,1
37.87,-76.75,2295.20,0.22,0.23,24.54,21.99,28.36,1
38.91,-76.05,2301.52,0.21,0.23,23.53,21.32,27.86,3
40.11,-75.32,2309.40,0.21,0.23,22.61,20.64,27.52,4
43.25,-73.30,2330.36,0.19,0.23,20.87,19.25,26.67,3
46.41,-70.02,2350.52,0.18,0.23,19.40,18.02,24.37,3
51.66,-68.46,2343.16,0.19,0.23,19.01,17.88,22.95,4
58.36,-68.70,2311.50,0.21,0.24,19.01,18.31,23.41,4
61.04,-69.42,2303.90,0.21,0.24,19.10,18.51,24.20,4
61.19,-70.21,2298.10,0.21,0.24,19.19,18.75,25.01,3
55.84,-71.86,2288.02,0.22,0.24,19.51,19.33,26.23,3
51.83,-72.99,2278.50,0.23,0.24,19.95,19.91,26.66,3
47.23,-73.35,2272.90,0.23,0.24,20.24,20.19,26.74,4
36.45,-72.96,2277.00,0.23,0.22,20.72,19.60,27.14,4
38.10,-70.02,2307.96,0.21,0.22,20.34,18.56,25.23,4
42.00,-66.74,2320.38,0.20,0.22,20.17,18.43,23.18,3
48.27,-63.91,2301.60,0.21,0.23,19.53,19.21,23.39,2
49.90,-67.28,2292.78,0.22,0.23,18.99,19.34,26.94,2
60.89,-60.80,2377.94,0.16,0.22,15.05,14.27,19.78,2
68.02,-57.72,2381.06,0.16,0.22,13.77,13.25,18.98,3
70.40,-56.24,2378.28,0.16,0.22,13.48,13.13,18.19,3
89.41,-55.63,2360.38,0.18,0.22,13.00,12.89,19.20,3
85.40,-54.97,2357.00,0.18,0.23,12.18,11.99,18.82,3
77.38,-49.54,2378.76,0.16,0.24,10.72,10.58,15.65,3
82.13,-47.68,2391.50,0.16,0.25,9.71,9.46,15.05,3
82.72,-46.70,2398.94,0.15,0.24,9.45,9.22,14.36,2
80.79,-48.08,2375.04,0.17,0.24,8.69,8.92,14.29,2
78.27,-49.47,2360.72,0.18,0.23,8.38,8.57,14.72,2
84.21,-45.77,2344.36,0.19,0.24,8.00,7.98,12.41,2
93.75,-45.62,2346.26,0.18,0.25,7.71,7.90,12.93,2
88.96,-45.22,2347.20,0.18,0.26,8.02,8.14,12.97,2
88.96,-44.25,2362.78,0.17,0.25,8.12,8.35,12.79,2
85.40,-43.63,2392.82,0.16,0.25,8.18,8.40,13.75,2
94.50,-43.19,2331.98,0.19,0.25,7.23,7.74,11.24,5
91.80,-44.48,2330.54,0.19,0.25,7.64,8.26,11.98,6
83.17,-52.14,2323.86,0.20,0.25,9.82,10.41,17.87,3
72.18,-55.38,2327.28,0.20,0.25,10.70,10.69,20.01,4
66.68,-56.37,2332.40,0.19,0.25,11.02,10.51,19.72,5
59.85,-55.61,2348.56,0.18,0.24,11.13,9.56,16.11,5
61.04,-52.18,2358.42,0.18,0.24,10.52,8.80,13.50,5
84.36,-42.15,2368.00,0.17,0.26,6.16,6.52,10.89,2
90.60,-39.32,2425.80,0.14,0.29,2.57,2.84,9.82,6
74.10,-10.20,2510.40,0.09,0.31,12.07,12.70,12.47,1
73.95,-12.60,2559.41,0.06,0.32,14.08,14.47,16.78,1
76.50,-16.80,2520.79,0.09,0.36,14.01,14.54,14.68,2
66.00,-21.39,2476.14,0.11,0.37,13.76,14.41,14.41,1
54.00,-23.86,2489.05,0.09,0.30,15.73,16.17,17.74,3
79.05,-18.20,2468.03,0.11,0.31,12.71,13.25,14.26,2
79.65,-16.40,2473.52,0.11,0.31,12.08,12.70,12.88,2
82.65,-18.80,2469.50,0.10,0.33,11.96,12.76,12.70,3
81.45,-23.07,2433.66,0.12,0.35,12.75,13.34,13.78,1
73.20,-25.15,2406.44,0.15,0.32,13.70,13.96,17.66,1
75.90,-23.37,2409.90,0.15,0.32,13.57,13.82,16.02,3
96.90,-18.60,2391.06,0.15,0.33,12.14,12.54,14.14,1
171.09,-10.70,2390.06,0.16,0.34,10.52,11.23,10.92,3
42.14,37.15,2376.42,0.17,0.23,27.11,29.32,27.74,3
38.81,37.12,2345.66,0.18,0.23,30.97,33.78,33.02,3
39.85,35.60,2303.00,0.21,0.24,26.98,28.00,37.52,4
48.90,33.30,2314.00,0.20,0.24,24.38,23.28,37.87,5
55.50,18.10,2355.56,0.18,0.25,21.63,17.68,15.01,1
46.65,17.40,2391.39,0.15,0.21,23.28,23.17,18.17,1
49.20,15.90,2429.37,0.13,0.18,24.92,28.22,32.68,4
59.85,8.10,2500.52,0.09,0.13,17.13,17.29,53.79,1
60.30,13.00,2461.62,0.11,0.19,15.42,12.62,20.85,3
64.80,21.52,2436.00,0.13,0.25,13.64,12.50,11.31,1
58.05,20.91,2453.54,0.12,0.24,13.03,12.91,17.68,3
45.90,21.52,2473.23,0.11,0.21,14.60,14.60,41.52,3
40.88,28.66,2478.21,0.10,0.20,20.63,22.83,22.01,3
40.26,31.95,2451.01,0.12,0.20,26.19,27.55,21.49,2
39.32,31.63,2432.00,0.13,0.18,35.80,36.30,45.89,4
31.19,32.70,2405.97,0.16,0.19,46.70,41.47,57.52,2
32.36,34.00,2317.00,0.20,0.24,60.75,43.77,42.58,4
30.50,35.00,2249.50,0.24,0.25,56.61,44.76,37.57,6
31.51,34.60,2203.54,0.27,0.27,41.90,37.01,40.94,4
42.98,36.56,2299.50,0.21,0.25,31.55,25.77,29.59,2
56.60,39.34,2420.00,0.14,0.25,25.18,21.33,17.60,3
52.21,40.21,2387.00,0.16,0.26,20.00,18.42,18.17,6
45.00,40.81,2351.93,0.18,0.28,17.13,16.44,18.68,4
48.90,42.51,2371.87,0.16,0.28,15.56,15.28,17.76,3
56.40,41.80,2411.00,0.14,0.28,15.01,14.60,16.36,3
60.30,40.50,2420.50,0.14,0.27,14.74,13.95,15.85,4
59.25,40.80,2395.96,0.15,0.28,14.80,14.01,15.71,2
55.77,40.20,2373.74,0.17,0.30,15.07,14.53,16.29,3
55.91,43.60,2359.09,0.18,0.28,15.42,15.07,16.51,3
57.09,47.69,2367.63,0.17,0.27,15.69,15.62,18.24,4
60.07,48.59,2403.24,0.15,0.25,15.96,15.52,16.70,2
60.02,48.29,2402.09,0.15,0.28,16.08,15.22,16.01,3
60.30,48.49,2394.00,0.15,0.26,15.92,14.94,16.97,2
63.18,48.79,2383.96,0.16,0.26,15.64,14.74,16.36,2
66.82,48.99,2361.24,0.18,0.28,15.14,14.60,16.22,3
76.78,50.00,2371.25,0.17,0.28,15.14,14.60,15.78,4
95.61,50.67,2359.09,0.18,0.26,15.01,14.80,16.90,2
60.14,-37.45,1958.70,0.42,0.40,5.48,5.69,5.23,2
51.44,-41.90,2220.10,0.26,0.32,6.57,7.32,7.36,1
50.96,-48.19,2344.45,0.19,0.26,7.91,8.86,9.40,2
47.33,-57.98,2571.50,0.05,0.20,12.07,13.89,18.73,2
47.98,-59.97,2636.70,0.01,0.20,14.26,16.08,27.81,1
48.63,-65.46,2558.70,0.06,0.22,16.51,19.35,32.86,2
51.75,-73.79,2414.60,0.14,0.25,18.43,20.83,22.48,2
49.82,-74.73,2390.40,0.16,0.25,19.15,20.37,20.73,3
44.87,-73.61,2334.70,0.19,0.27,18.77,20.37,19.65,6
47.09,-67.71,2307.90,0.21,0.26,16.98,19.40,25.18,4
93.59,-49.44,2499.40,0.09,0.27,14.28,15.19,20.85,1
101.66,-42.28,2414.80,0.14,0.34,11.97,12.78,15.35,2
100.20,-47.58,2398.90,0.15,0.32,12.22,12.65,16.18,2
127.00,-45.30,2415.90,0.14,0.33,7.90,7.96,13.41,2
137.63,-34.74,2344.80,0.19,0.34,4.51,4.66,4.57,4
54.45,-6.95,2166.21,0.29,0.53,1.39,1.53,1.82,3
54.05,-12.42,2475.12,0.18,0.37,2.99,3.31,2.47,3
55.50,-15.50,2504.71,0.12,0.28,4.11,4.79,4.69,3
68.75,-21.46,2485.37,0.09,0.26,10.87,10.64,13.61,1
60.39,-23.46,2466.94,0.09,0.29,14.52,13.77,15.70,3
57.71,-25.21,2459.20,0.11,0.30,15.26,15.13,15.99,4
63.04,-26.60,2461.83,0.12,0.29,15.07,15.79,16.32,3
67.52,-28.61,2473.24,0.12,0.30,15.27,16.28,16.85,3
67.13,-32.25,2457.83,0.10,0.29,15.37,16.23,17.74,4
64.62,-37.75,2422.21,0.12,0.30,16.17,16.93,17.99,3
66.71,-39.50,2410.39,0.15,0.30,17.84,18.26,21.31,4
71.31,-39.00,2402.38,0.15,0.30,18.43,18.59,21.73,4
62.93,-38.00,2378.55,0.15,0.30,19.07,19.31,21.47,5
54.20,-37.85,2370.68,0.16,0.30,19.90,19.27,21.93,4
52.91,-38.74,2363.01,0.16,0.29,20.10,19.79,22.13,4
54.87,-40.00,2350.77,0.17,0.29,20.54,20.22,23.35,3
55.26,-41.90,2351.91,0.18,0.31,20.26,20.10,23.34,4
55.19,-42.79,2353.19,0.18,0.32,20.13,19.95,22.59,5
52.48,-44.29,2350.95,0.18,0.30,20.10,19.53,21.70,3
46.50,-46.07,2323.77,0.18,0.30,20.09,19.08,19.24,3
44.21,-45.32,2310.01,0.20,0.32,20.09,19.71,19.67,4
41.34,-44.57,2318.88,0.21,0.32,19.73,20.33,20.89,3
39.80,-42.95,2338.65,0.20,0.31,19.65,20.16,24.09,6
42.38,-42.81,2342.35,0.18,0.31,19.07,18.94,20.05,5
41.96,-43.04,2336.36,0.18,0.32,18.95,19.21,19.63,4
41.82,-42.68,2339.35,0.19,0.32,19.12,19.72,20.87,4
41.43,-42.32,2345.73,0.20,0.32,19.35,20.06,21.61,3
42.31,-40.57,2353.95,0.20,0.32,19.24,21.02,24.04,4
43.19,-38.82,2362.16,0.19,0.32,19.14,21.99,26.46,4
43.22,-38.20,2369.44,0.19,0.32,19.07,21.59,27.25,4
46.16,-36.82,2382.41,0.18,0.30,19.19,20.55,26.88,6
54.11,-34.43,2384.71,0.17,0.32,18.87,19.32,21.70,4
64.98,-24.77,2556.31,0.13,0.33,13.51,14.85,16.77,4
51.41,-66.38,2395.59,0.15,0.26,17.33,18.31,20.95,3
56.15,-64.86,2394.97,0.16,0.26,16.09,16.79,18.41,3
56.96,-63.72,2402.66,0.17,0.26,15.38,16.18,17.28,3
58.98,-56.72,2425.57,0.14,0.27,13.57,13.82,17.86,2
60.96,-51.02,2436.55,0.13,0.28,13.15,12.82,14.35,3
52.80,-53.00,2420.78,0.13,0.25,14.31,14.51,19.79,3
54.23,-61.76,2401.46,0.15,0.28,14.40,13.79,17.09,3
62.09,-71.13,2401.80,0.15,0.27,15.02,13.49,14.39,3
46.22,-71.57,2268.86,0.23,0.26,27.44,26.44,30.56,5
32.00,-65.09,2302.03,0.22,0.26,42.69,40.93,78.44,4
32.84,-63.57,2343.44,0.18,0.25,58.86,46.93,70.96,4
33.90,-63.11,2253.50,0.19,0.25,67.96,49.58,62.77,5
31.70,-62.72,2158.70,0.25,0.28,77.52,62.32,68.71,6
32.31,-62.47,2136.24,0.28,0.31,78.17,71.23,82.99,5
32.01,-61.44,2302.97,0.23,0.27,59.30,51.27,77.88,4
28.64,-58.79,2241.43,0.19,0.25,45.86,38.60,45.61,3
27.77,-57.69,2214.80,0.24,0.29,50.84,47.10,92.60,6
26.43,-57.19,2205.29,0.27,0.30,55.09,53.44,142.37,4
21.80,-55.33,2177.72,0.28,0.30,83.54,69.97,145.91,6
20.88,-53.94,2159.81,0.30,0.31,103.91,83.43,110.38,6
23.81,-53.44,2153.88,0.31,0.32,107.21,87.30,112.37,6
31.25,-52.91,2202.46,0.31,0.30,84.85,90.00,96.88,6
35.78,-52.55,2232.84,0.29,0.30,75.20,80.81,89.94,6
56.87,-47.71,2432.82,0.10,0.30,36.46,32.94,40.09,4
69.02,-44.47,2449.24,0.09,0.30,27.15,23.43,25.72,3
65.75,-38.69,2434.48,0.11,0.30,19.71,17.07,16.73,4
64.91,-37.94,2438.59,0.13,0.29,17.66,15.64,14.74,4
65.87,-38.94,2442.70,0.13,0.29,16.08,14.68,14.85,4
69.24,-36.97,2440.33,0.12,0.30,14.24,13.36,15.05,4
63.86,-36.00,2428.63,0.12,0.28,14.22,13.06,14.07,4
64.52,-35.75,2420.83,0.13,0.30,14.07,13.32,13.85,4
66.90,-35.75,2415.10,0.14,0.30,14.28,13.48,13.95,3
71.31,-35.50,2404.29,0.14,0.30,14.65,13.81,14.69,3
70.80,-35.40,2384.54,0.15,0.30,15.26,14.34,15.03,3
60.26,-36.04,2356.37,0.17,0.30,16.35,15.45,15.63,4
55.01,-36.82,2343.97,0.18,0.28,17.16,16.14,17.86,3
51.44,-36.70,2329.52,0.18,0.30,18.39,17.63,19.95,4
50.52,-36.42,2332.05,0.19,0.30,18.65,18.16,19.83,4
54.22,-35.82,2335.53,0.19,0.29,19.14,17.76,20.83,4
51.35,-34.82,2322.47,0.18,0.30,18.72,17.53,17.71,4
53.29,-35.50,2317.80,0.20,0.29,18.32,17.60,18.48,4
55.74,-35.50,2316.86,0.19,0.30,18.44,17.23,20.00,4
56.75,-34.25,2324.63,0.20,0.30,17.84,17.28,18.93,4
59.87,-33.75,2333.50,0.20,0.30,17.49,16.91,18.89,4
80.43,-33.50,2345.72,0.20,0.30,16.91,16.14,18.63,3
88.37,-32.75,2349.43,0.19,0.30,16.93,15.68,17.37,4
84.38,-32.35,2341.47,0.18,0.30,16.45,15.92,16.09,4
68.06,-32.46,2336.70,0.19,0.29,16.18,15.85,18.07,4
68.43,-31.81,2333.08,0.19,0.28,15.54,15.40,18.46,4
69.24,-30.55,2330.40,0.19,0.28,14.93,14.66,16.97,4
80.06,-23.84,2331.52,0.19,0.32,11.99,11.31,10.94,4
72.99,-25.35,2322.21,0.20,0.34,11.10,10.79,11.44,3
68.28,-25.30,2333.35,0.19,0.32,10.70,10.69,12.83,4
71.31,-23.82,2337.60,0.18,0.34,10.16,10.32,12.87,4
59.11,-65.94,2439.10,0.13,0.31,10.42,11.26,11.73,1
57.03,-70.70,2433.10,0.13,0.30,10.76,11.47,12.91,1
51.98,-73.60,2427.10,0.14,0.29,11.06,11.89,15.56,1
45.30,-82.08,2421.10,0.14,0.29,11.41,12.39,16.74,6
42.00,-84.26,2377.90,0.17,0.30,12.11,12.79,14.40,3
40.50,-84.95,2329.90,0.21,0.32,12.91,13.64,15.85,3
38.25,-85.94,2265.40,0.23,0.32,14.14,14.94,22.75,4
38.25,-86.73,2283.60,0.22,0.32,15.07,15.92,26.86,5
40.48,-88.42,2292.60,0.23,0.32,16.45,17.06,26.99,4
39.87,-89.51,2281.80,0.23,0.32,17.15,17.39,26.02,3
39.95,-91.68,2298.90,0.22,0.33,19.45,17.83,26.77,1
40.25,-92.08,2293.20,0.22,0.33,19.91,17.83,26.89,2
42.18,-90.59,2280.60,0.24,0.32,20.74,18.58,26.65,2
46.50,-87.82,2268.00,0.24,0.32,21.51,19.46,28.02,1
50.25,-86.04,2261.70,0.24,0.31,22.01,19.91,30.00,3
53.55,-83.17,2257.40,0.23,0.31,22.41,20.28,32.29,3
63.86,-73.40,2338.60,0.20,0.31,22.41,21.42,38.40,3
65.64,-69.41,2395.30,0.18,0.31,22.21,20.84,36.01,1
64.75,-68.91,2386.20,0.17,0.32,21.91,20.09,31.98,3
63.71,-69.11,2376.00,0.16,0.32,20.93,19.37,27.39,2
61.34,-73.20,2345.40,0.17,0.33,18.58,17.51,18.93,2
55.65,-77.30,2314.80,0.18,0.33,16.80,15.75,16.95,1
56.70,-75.30,2294.40,0.21,0.32,15.75,14.84,16.72,4
63.42,-67.62,2308.20,0.21,0.32,15.12,14.31,19.28,4
72.62,-60.50,2362.80,0.17,0.31,14.98,13.98,23.56,3
80.05,-56.63,2417.40,0.13,0.31,14.84,13.66,28.93,3
79.31,-52.57,2499.30,0.11,0.32,13.79,13.54,19.37,3
73.66,-53.37,2491.10,0.10,0.33,12.81,13.54,14.31,3
64.31,-62.77,2455.70,0.11,0.33,12.24,13.48,14.57,3
54.00,-74.00,2420.30,0.14,0.34,12.70,13.48,13.66,2
45.75,-80.69,2384.90,0.17,0.33,12.70,13.42,10.91,3
45.75,-82.28,2349.50,0.19,0.33,12.70,13.42,12.58,4
52.35,-83.47,2225.00,0.20,0.33,12.93,13.66,21.81,3
58.20,-85.05,2336.70,0.19,0.34,13.05,13.79,23.78,2
62.82,-85.94,2364.10,0.20,0.35,13.23,13.98,20.84,2
66.09,-83.96,2376.80,0.19,0.35,13.42,14.18,20.65,1
68.16,-81.49,2371.60,0.17,0.34,13.41,14.17,21.03,1
80.50,-73.90,2363.00,0.18,0.33,13.40,14.16,22.31,1
102.62,-64.06,2404.00,0.14,0.31,13.20,14.09,22.41,1
124.02,-52.97,2449.60,0.13,0.31,11.98,12.83,18.92,1
135.93,-46.63,2480.00,0.11,0.33,11.12,11.98,15.09,1
146.82,-39.21,2484.00,0.11,0.36,10.09,10.82,12.14,2
124.15,-32.67,2461.20,0.12,0.40,8.84,9.47,9.95,1
91.34,-29.12,2447.20,0.13,0.47,7.47,8.00,9.91,2
55.86,-19.80,2306.27,0.22,0.40,3.06,3.14,3.17,1
53.47,-26.50,2398.41,0.17,0.32,4.36,4.48,9.60,1
52.75,-29.70,2410.95,0.15,0.25,6.68,6.87,19.13,1
53.17,-32.10,2419.70,0.14,0.25,10.72,11.02,24.19,1
51.26,-34.20,2426.27,0.14,0.26,14.41,14.74,23.08,2
50.06,-35.20,2430.25,0.14,0.25,16.70,16.78,25.30,3
49.70,-36.80,2452.54,0.12,0.24,20.47,21.33,24.38,1
51.50,-40.10,2480.60,0.11,0.23,22.34,27.11,27.23,4
48.80,-45.38,2450.55,0.11,0.22,24.38,34.48,63.46,3
43.06,-51.37,2421.89,0.13,0.22,26.49,43.42,104.73,3
39.53,-56.24,2387.46,0.15,0.22,30.42,53.38,119.75,3
40.67,-59.51,2358.61,0.17,0.22,35.13,58.07,117.01,3
44.68,-61.40,2334.33,0.19,0.24,40.55,62.29,107.18,2
41.57,-62.50,2263.09,0.23,0.28,46.91,98.18,163.20,4
36.07,-62.30,2231.24,0.25,0.29,53.38,121.98,256.50,3
33.55,-62.30,2250.55,0.25,0.29,61.99,151.57,387.42,4
34.39,-62.10,2253.93,0.24,0.29,67.75,167.79,420.99,4
34.99,-61.90,2249.95,0.24,0.28,68.70,141.42,294.52,3
34.93,-61.10,2250.95,0.24,0.28,67.12,111.21,184.89,4
34.81,-60.70,2255.52,0.24,0.29,64.66,97.29,134.41,4
33.61,-60.40,2251.94,0.24,0.29,59.72,89.59,124.83,3
32.54,-59.41,2236.22,0.25,0.30,54.64,76.75,118.65,4
32.84,-57.82,2232.24,0.25,0.30,54.14,66.18,96.84,4
32.72,-56.04,2240.60,0.25,0.31,53.38,71.28,78.88,2
32.12,-54.17,2240.60,0.25,0.31,52.87,73.92,74.61,1
31.64,-51.99,2219.10,0.26,0.31,50.00,75.96,74.23,5
32.72,-48.11,2184.88,0.28,0.30,44.16,66.66,89.59,3
35.23,-46.32,2204.38,0.27,0.29,38.09,56.11,88.76,5
45.63,-41.46,2292.54,0.22,0.27,30.60,39.31,60.07,6
57.90,-37.50,2448.56,0.17,0.26,25.54,26.25,36.46,2
70.22,-33.40,2500.50,0.09,0.27,21.24,21.83,21.04,1
75.00,-30.20,2440.00,0.12,0.30,16.33,16.79,14.96,1
72.61,-31.00,2449.55,0.12,0.33,14.82,15.23,16.78,2
73.80,-30.70,2460.90,0.12,0.33,13.95,14.34,18.40,2
75.60,-29.11,2438.41,0.12,0.32,13.44,13.82,17.57,2
77.27,-28.12,2426.07,0.13,0.31,13.26,13.63,16.55,3
79.96,-27.13,2406.57,0.14,0.31,13.01,13.38,14.74,3
79.07,-26.63,2393.63,0.15,0.31,12.89,13.26,14.74,3
82.36,-25.35,2405.97,0.15,0.31,12.66,13.01,14.41,3
89.41,-24.55,2400.60,0.15,0.30,12.83,13.20,13.88,2
86.72,-25.05,2387.07,0.16,0.31,13.07,13.44,14.14,3
79.96,-25.94,2352.44,0.18,0.33,12.95,13.32,16.47,3
79.49,-25.64,2335.92,0.18,0.33,12.83,13.20,16.40,3
86.42,-22.18,2367.76,0.17,0.34,12.60,12.95,14.81,3
88.64,-18.40,2372.34,0.17,0.35,11.59,11.92,12.14,2
52.28,-25.50,2408.32,0.15,0.30,5.92,6.87,8.60,1
42.45,-48.08,2509.50,0.09,0.18,13.33,18.26,45.56,3
41.09,-53.76,2489.09,0.10,0.19,15.35,23.49,56.28,1
38.83,-58.81,2440.93,0.12,0.21,17.66,27.08,52.51,1
44.46,-60.30,2368.67,0.18,0.25,20.78,33.84,48.70,3
45.92,-60.30,2337.00,0.21,0.25,21.54,35.71,57.10,4
40.70,-60.50,2305.00,0.23,0.24,22.34,37.52,66.79,4
37.30,-60.20,2278.50,0.22,0.24,23.07,38.22,76.66,3
36.27,-59.40,2293.50,0.21,0.25,22.97,36.68,67.02,6
39.27,-58.20,2318.50,0.20,0.26,22.24,34.25,58.38,2
42.73,-56.30,2318.50,0.20,0.26,21.63,31.98,51.62,1
48.56,-51.20,2318.50,0.20,0.27,17.93,23.94,45.56,3
74.75,-30.90,2424.04,0.15,0.17,8.79,8.39,7.78,2
62.88,-37.20,2416.56,0.16,0.21,9.47,9.08,7.96,1
27.89,-54.75,2276.00,0.25,0.27,10.71,10.71,10.57,3
24.98,-58.18,2206.60,0.27,0.25,11.80,11.53,11.80,6
41.74,-57.98,2229.06,0.24,0.22,13.05,12.41,13.11,6
47.12,-58.38,2283.50,0.22,0.19,15.19,13.42,14.24,5
41.68,-51.82,2292.00,0.20,0.13,15.33,13.66,13.42,6
47.51,-43.50,2371.60,0.14,0.09,15.19,14.11,13.66,6
51.35,-49.20,2518.00,0.10,0.16,16.57,15.90,16.27,4
32.83,-53.23,2417.85,0.17,0.21,20.19,17.83,16.19,3
22.95,-60.70,2321.50,0.23,0.26,21.33,20.37,20.94,2
19.97,-62.00,2260.00,0.25,0.26,21.93,21.43,22.75,2
19.23,-61.20,2219.76,0.26,0.22,21.73,20.56,20.75,4
19.51,-58.69,2223.73,0.24,0.18,21.33,19.55,18.41,4
22.36,-48.80,2275.00,0.20,0.14,19.19,18.00,16.34,4
30.60,-40.41,2377.78,0.14,0.11,16.65,16.42,15.75,1
26.54,-56.10,2401.50,0.18,0.17,13.23,12.70,12.93,2
30.06,-54.30,2349.00,0.16,0.12,11.91,11.74,12.30,1
48.96,20.35,2202.03,0.15,0.30,3.15,3.29,5.73,1
40.35,19.07,2481.05,0.15,0.27,3.77,4.18,6.53,2
45.75,17.39,2412.94,0.20,0.30,4.15,4.39,5.51,1
64.24,13.16,2302.63,0.21,0.35,4.59,4.81,5.62,1
64.62,6.47,2339.35,0.19,0.33,5.22,5.33,6.13,1
59.52,3.99,2363.12,0.17,0.31,6.19,6.14,6.75,1
56.07,-0.30,2368.14,0.17,0.30,6.97,6.86,7.52,1
54.27,-11.51,2372.32,0.17,0.29,8.47,8.31,9.30,2
53.76,-22.58,2368.80,0.17,0.29,9.84,9.84,10.76,1
49.75,-26.24,2363.84,0.18,0.28,10.95,11.08,12.03,1
42.89,-31.93,2341.70,0.20,0.27,12.62,13.83,14.64,3
36.08,-42.51,2306.61,0.22,0.27,14.54,17.25,19.70,6
35.42,-34.24,2282.64,0.22,0.25,15.97,18.70,21.80,6
45.52,-33.05,2415.68,0.14,0.25,13.35,13.69,13.93,1
52.40,-40.25,2434.80,0.13,0.26,12.72,13.18,13.16,2
59.70,-33.19,2359.52,0.15,0.27,13.62,14.07,14.45,1
58.83,-25.58,2321.90,0.18,0.28,15.36,15.74,17.42,2
65.35,-25.61,2333.75,0.19,0.26,17.05,17.37,20.80,4
74.67,-27.46,2376.14,0.17,0.27,15.45,14.45,15.56,1
31.63,-17.50,2429.50,0.17,0.49,2.59,2.86,2.47,2
35.20,-23.58,2405.50,0.14,0.35,3.31,3.98,5.09,2
38.32,-26.56,2387.13,0.16,0.31,3.93,4.59,6.97,4
41.44,-29.56,2387.13,0.17,0.28,4.86,5.39,9.55,4
47.10,-31.58,2567.00,0.08,0.21,10.05,9.47,12.72,2
48.60,-40.90,2499.00,0.08,0.23,14.11,16.41,18.11,1
45.15,-50.70,2448.50,0.12,0.26,13.33,15.21,19.72,3
39.95,-55.90,2366.83,0.14,0.28,12.96,14.65,25.30,3
40.25,-57.70,2335.00,0.18,0.29,12.54,13.98,26.37,4
42.48,-56.70,2378.71,0.18,0.30,12.08,13.40,21.93,4
42.18,-54.40,2418.50,0.15,0.31,11.79,12.66,18.11,2
45.90,-53.00,2433.50,0.14,0.32,11.63,12.42,15.95,3
49.05,-50.50,2402.50,0.15,0.33,11.25,11.96,12.54,3
39.95,-77.00,2334.00,0.19,0.33,10.84,11.41,16.18,3
38.76,-71.30,2319.00,0.21,0.33,11.04,11.52,17.53,1
36.39,-67.82,2332.00,0.19,0.34,11.41,12.02,18.72,3
38.76,-64.26,2375.74,0.18,0.33,11.79,12.60,19.26,3
42.04,-61.98,2397.53,0.18,0.33,11.96,12.90,19.35,3
44.58,-59.60,2412.00,0.17,0.34,11.96,13.15,20.19,3
48.48,-56.10,2434.00,0.16,0.34,11.96,13.46,21.43,4
95.25,-26.24,2430.50,0.11,0.34,8.04,9.04,8.00,2
98.85,-24.36,2392.08,0.15,0.34,6.56,7.10,7.56,2
126.90,-22.08,2394.55,0.16,0.36,5.83,6.35,6.81,2
88.05,-20.59,2398.52,0.15,0.38,5.44,5.94,6.00,2
73.96,-19.70,2296.00,0.22,0.38,5.09,5.52,5.75,2
73.66,-19.70,2301.00,0.21,0.39,5.05,5.44,5.86,2
73.37,-19.80,2398.52,0.18,0.39,4.98,5.36,6.00,3
72.64,-19.70,2420.50,0.14,0.40,4.61,5.09,5.14,2
74.52,-18.91,2346.50,0.19,0.41,4.42,4.68,5.29,2
74.70,-19.60,2318.50,0.21,0.42,4.22,4.51,4.84,1
74.24,-17.10,2344.00,0.19,0.45,2.91,3.30,4.03,2
74.39,-16.60,2296.00,0.22,0.45,2.82,3.16,3.31,3
76.65,-16.50,2272.50,0.24,0.45,2.76,3.03,3.17,3
78.00,-16.60,2345.00,0.22,0.44,2.70,2.85,2.99,1
77.85,-16.50,2343.50,0.19,0.45,2.73,2.88,2.90,3
78.30,-16.70,2330.00,0.20,0.46,2.82,2.93,3.06,2
82.35,-17.40,2351.49,0.18,0.46,2.97,3.23,3.93,2
80.10,-18.10,2285.00,0.20,0.44,3.29,3.65,3.50,3
75.90,-19.70,2242.00,0.25,0.46,3.58,4.00,4.39,3
75.45,-20.99,2246.50,0.24,0.44,3.78,4.25,5.31,1
67.94,-18.69,2383.00,0.16,0.27,19.28,19.91,20.19,5
66.62,-20.20,2352.00,0.19,0.28,18.67,19.28,19.82,5
60.15,-22.21,2332.00,0.19,0.28,18.41,19.02,19.46,5
50.11,-24.43,2305.00,0.21,0.27,19.28,19.91,20.56,6
51.90,-26.35,2295.50,0.21,0.27,19.73,20.37,19.91,2
54.72,-27.88,2332.00,0.19,0.28,20.28,20.94,19.91,6
45.74,-29.60,2294.50,0.22,0.29,20.94,21.73,22.97,2
44.12,-30.50,2262.00,0.23,0.29,21.24,22.13,23.28,6
43.97,-31.10,2256.50,0.24,0.29,21.43,22.24,23.50,2
43.82,-31.30,2264.00,0.24,0.28,21.63,22.34,23.72,6
47.67,-31.70,2313.00,0.22,0.28,21.14,22.75,23.94,5
51.54,-31.50,2331.50,0.21,0.28,20.75,22.65,23.61,6
54.51,-31.30,2350.00,0.19,0.28,20.56,21.93,22.65,6
60.74,-30.30,2384.50,0.16,0.29,19.73,19.91,20.28,3
60.59,-29.90,2388.00,0.16,0.29,19.46,19.28,19.73,2
59.26,-28.99,2395.00,0.16,0.29,18.93,18.67,19.37,2
62.06,-27.27,2394.50,0.15,0.29,18.17,17.92,18.59,4
66.03,-25.25,2390.00,0.16,0.28,17.60,16.89,17.20,3
67.65,-24.24,2387.50,0.16,0.28,17.20,16.51,16.89,2
67.65,-23.23,2386.00,0.16,0.28,16.89,16.21,16.66,3
65.15,-22.42,2381.00,0.16,0.28,16.44,15.56,16.14,2
66.47,-22.42,2387.50,0.17,0.27,15.71,14.87,15.64,2
76.82,-21.72,2420.00,0.15,0.27,15.28,14.40,15.35,3
87.27,-19.80,2446.50,0.12,0.28,14.80,14.01,14.40,2
77.90,-21.52,2378.00,0.17,0.29,15.22,14.47,15.08,4
78.24,-22.32,2362.00,0.17,0.29,15.87,15.16,15.73,2
78.70,-22.32,2378.00,0.16,0.29,16.02,15.45,15.81,3
79.51,-22.32,2384.00,0.16,0.29,16.04,15.04,15.61,2
79.36,-22.42,2390.00,0.16,0.29,15.89,14.90,15.53,2
81.32,-22.63,2396.00,0.16,0.30,15.74,14.76,15.25,3
97.03,-22.42,2380.00,0.16,0.32,15.09,14.15,14.61,2
109.39,-21.92,2382.00,0.17,0.32,14.68,13.95,14.21,2
66.62,-24.55,2312.50,0.21,0.30,16.17,15.16,15.95,2
57.70,-26.94,2285.50,0.22,0.28,18.83,18.32,18.66,3
58.77,-27.33,2277.50,0.23,0.28,19.36,18.49,18.92,4
59.08,-27.32,2283.00,0.22,0.28,19.36,17.65,18.75,2
59.26,-26.60,2306.50,0.21,0.29,18.15,16.94,17.49,3
60.29,-26.40,2309.50,0.21,0.29,17.33,16.25,16.63,2
63.97,-26.60,2298.50,0.21,0.28,16.47,16.02,16.40,3
60.00,-26.10,2317.50,0.20,0.27,16.25,15.44,15.80,3
59.11,-25.80,2322.00,0.20,0.27,16.10,15.09,15.51,2
63.83,-24.79,2336.50,0.19,0.27,15.36,14.14,14.53,3
